MOD17A3HGF.A2001001.h10v09.006.2020136134928.Npp_500m,MOD17A3HGF,A2001001,Lat-3.834436Lon-73.31897Samp17Line17,2020136134928,13472.0,13971.0,32762.0,7894.0,6224.0,6326.0,6447.0,32762.0,32762.0,32762.0,32762.0,32762.0,13594.0,13752.0,13376.0,13751.0,13664.0,13682.0,14097.0,32762.0,7223.0,6629.0,6844.0,8930.0,6851.0,6626.0,6958.0,8748.0,13416.0,13734.0,13710.0,13382.0,13582.0,13568.0,14108.0,14026.0,32762.0,6777.0,7104.0,13165.0,13472.0,1470.0,6602.0,6908.0,13408.0,13276.0,13526.0,13447.0,13436.0,13505.0,13518.0,13834.0,13894.0,13527.0,6854.0,6679.0,6408.0,6618.0,6912.0,7154.0,13621.0,13322.0,13371.0,13517.0,13657.0,13435.0,13500.0,13502.0,13371.0,13515.0,13759.0,7530.0,7903.0,7511.0,6934.0,7272.0,6702.0,13537.0,13528.0,13307.0,13290.0,13542.0,13434.0,13551.0,13639.0,13709.0,13849.0,13790.0,13292.0,7266.0,7142.0,32762.0,13325.0,13587.0,13665.0,13638.0,13511.0,13466.0,13614.0,13539.0,13483.0,13391.0,7482.0,13840.0,13955.0,13676.0,7298.0,7380.0,32762.0,14463.0,32766.0,13198.0,13980.0,13768.0,13366.0,13657.0,13523.0,13388.0,13697.0,6844.0,6678.0,7368.0,7077.0,32762.0,7265.0,9025.0,13386.0,32766.0,32766.0,14275.0,13660.0,13494.0,13678.0,13520.0,13534.0,13390.0,7226.0,6923.0,7430.0,7321.0,32762.0,32762.0,32762.0,13556.0,13641.0,13761.0,14013.0,13630.0,13721.0,13780.0,13622.0,13382.0,13439.0,6860.0,6839.0,6206.0,6532.0,6308.0,32762.0,32762.0,13723.0,13590.0,13519.0,13614.0,13484.0,13555.0,13589.0,13492.0,13482.0,13638.0,13337.0,14078.0,6125.0,6951.0,8596.0,8290.0,13559.0,13606.0,13710.0,13454.0,13687.0,13533.0,13635.0,13438.0,13677.0,13715.0,13629.0,5786.0,5828.0,6435.0,6675.0,6256.0,6214.0,13480.0,13668.0,13596.0,13761.0,13834.0,13805.0,13647.0,13655.0,13626.0,13544.0,13947.0,6218.0,6494.0,6478.0,6259.0,6683.0,13785.0,13462.0,13541.0,13534.0,13724.0,13965.0,13781.0,13605.0,13442.0,13324.0,13617.0,13702.0,9513.0,6817.0,6521.0,6264.0,32762.0,1200.0,13440.0,13583.0,13680.0,13531.0,13860.0,13314.0,13375.0,13316.0,13447.0,13471.0,13811.0,6416.0,6426.0,7255.0,7757.0,32762.0,1727.0,13437.0,13635.0,13674.0,13670.0,13565.0,13719.0,13467.0,13365.0,13555.0,13746.0,13383.0,13583.0,574.0,6193.0,6619.0,7144.0,13761.0,13584.0,13567.0,13598.0,13554.0,13891.0,13657.0,13418.0,13495.0,13407.0,13701.0,13761.0,13650.0,793.0,5725.0,6714.0,7024.0,13365.0,13494.0,13670.0,13714.0,13620.0,13495.0,13264.0,13435.0,13678.0,12920.0,13914.0,13862.0
MOD17A3HGF.A2002001.h10v09.006.2020143160632.Npp_500m,MOD17A3HGF,A2002001,Lat-3.834436Lon-73.31897Samp17Line17,2020143160632,13789.0,13419.0,32762.0,7458.0,7034.0,6748.0,7031.0,32762.0,32762.0,32762.0,32762.0,32762.0,13331.0,13176.0,13092.0,13349.0,13578.0,13575.0,13713.0,32762.0,7390.0,7242.0,7244.0,9486.0,7000.0,6956.0,7193.0,9172.0,13384.0,13186.0,13099.0,12929.0,13102.0,13161.0,13573.0,13709.0,32762.0,7702.0,7196.0,13511.0,13624.0,3151.0,7397.0,7370.0,12981.0,13327.0,13025.0,13251.0,13487.0,13468.0,12927.0,13782.0,13915.0,13682.0,7904.0,7659.0,7465.0,7176.0,7759.0,7405.0,13454.0,13367.0,13368.0,13088.0,13228.0,13501.0,13573.0,12838.0,13801.0,13535.0,13491.0,7952.0,7534.0,7598.0,7330.0,7511.0,7363.0,13566.0,13573.0,13326.0,13075.0,13442.0,13803.0,13621.0,13043.0,14072.0,13267.0,13747.0,13570.0,7374.0,7598.0,32762.0,13627.0,13693.0,13565.0,13585.0,13256.0,13166.0,13477.0,13139.0,13197.0,13084.0,7769.0,13399.0,13455.0,13736.0,7614.0,7400.0,32762.0,13711.0,32766.0,13606.0,13455.0,13359.0,13516.0,13381.0,13244.0,13060.0,13094.0,7567.0,7335.0,7648.0,7636.0,32762.0,7424.0,9033.0,13153.0,32766.0,32766.0,13476.0,13442.0,13477.0,13468.0,12525.0,12528.0,13067.0,7364.0,7566.0,7234.0,7618.0,32762.0,32762.0,32762.0,13672.0,13571.0,13338.0,13378.0,13397.0,13318.0,13281.0,12494.0,12479.0,13193.0,7188.0,7330.0,7217.0,7054.0,7553.0,32762.0,32762.0,13561.0,13446.0,13410.0,13348.0,11552.0,13355.0,12941.0,13517.0,13158.0,13159.0,13209.0,13404.0,7062.0,7407.0,8619.0,7996.0,13557.0,13795.0,13299.0,13458.0,13415.0,13158.0,13424.0,12904.0,13288.0,13368.0,12943.0,6958.0,7243.0,7545.0,8018.0,7311.0,8034.0,13666.0,13595.0,13500.0,13337.0,13513.0,13337.0,12983.0,13334.0,13432.0,13523.0,13137.0,7134.0,7439.0,7805.0,7189.0,7194.0,13749.0,12885.0,13460.0,13238.0,12955.0,13356.0,13723.0,13559.0,13676.0,13368.0,13287.0,13063.0,9854.0,7311.0,7599.0,7294.0,32762.0,3976.0,13662.0,13461.0,13090.0,12145.0,12270.0,13115.0,13809.0,13115.0,13003.0,13027.0,13339.0,7297.0,7322.0,7259.0,8382.0,32762.0,3773.0,13633.0,13408.0,13367.0,13396.0,13203.0,13121.0,13689.0,12876.0,12938.0,13008.0,13015.0,13032.0,1438.0,7471.0,7623.0,7798.0,13681.0,13325.0,13432.0,13644.0,13551.0,13166.0,13037.0,13862.0,13032.0,12944.0,13064.0,13098.0,13181.0,2640.0,7143.0,6877.0,7663.0,12704.0,12815.0,13104.0,13390.0,12752.0,13074.0,13083.0,13286.0,13010.0,12991.0,13017.0,13177.0
MOD17A3HGF.A2003001.h10v09.006.2020168120335.Npp_500m,MOD17A3HGF,A2003001,Lat-3.834436Lon-73.31897Samp17Line17,2020168120335,12930.0,12922.0,32762.0,7090.0,7419.0,7147.0,6929.0,32762.0,32762.0,32762.0,32762.0,32762.0,12020.0,11574.0,12720.0,12741.0,12866.0,13007.0,12721.0,32762.0,7325.0,7138.0,6845.0,8518.0,6713.0,6343.0,7007.0,8138.0,12654.0,12535.0,11965.0,13254.0,12659.0,12671.0,13533.0,13141.0,32762.0,7241.0,7006.0,12794.0,12656.0,3228.0,6874.0,7064.0,12681.0,12639.0,12843.0,12343.0,12749.0,12972.0,12570.0,12822.0,13354.0,12702.0,7017.0,7094.0,6718.0,6948.0,7134.0,7422.0,12453.0,13106.0,12872.0,12921.0,12902.0,12916.0,12761.0,12833.0,13102.0,12823.0,12719.0,7250.0,7318.0,7347.0,7226.0,7296.0,7359.0,13146.0,12915.0,12846.0,12898.0,12721.0,11319.0,13062.0,13048.0,12674.0,12696.0,12848.0,12755.0,6925.0,7198.0,32762.0,12768.0,12655.0,12720.0,12982.0,12963.0,12854.0,12905.0,12838.0,12835.0,12322.0,7224.0,12916.0,12774.0,12598.0,7055.0,6831.0,32762.0,12805.0,32766.0,12464.0,12904.0,12720.0,12772.0,12674.0,12826.0,12959.0,12382.0,7490.0,7326.0,7106.0,7070.0,32762.0,6853.0,8822.0,13504.0,32766.0,32766.0,12575.0,12543.0,12802.0,12952.0,12907.0,13180.0,12788.0,7538.0,7668.0,7259.0,7018.0,32762.0,32762.0,32762.0,12398.0,12562.0,12652.0,12892.0,13067.0,13135.0,12916.0,13294.0,12682.0,13330.0,7155.0,7394.0,7341.0,7434.0,7384.0,32762.0,32762.0,12895.0,12155.0,12778.0,12903.0,12825.0,12199.0,12871.0,12679.0,12775.0,12485.0,12796.0,12453.0,7195.0,7345.0,8599.0,7579.0,13070.0,12878.0,12668.0,12869.0,13243.0,11251.0,12587.0,12764.0,12852.0,12518.0,12280.0,6825.0,6860.0,7363.0,7483.0,7336.0,7314.0,12445.0,13133.0,12459.0,12663.0,12591.0,12239.0,12763.0,12619.0,12282.0,12974.0,13120.0,7158.0,7187.0,7193.0,7345.0,7720.0,13096.0,13089.0,13040.0,12017.0,12232.0,12956.0,13538.0,12364.0,12520.0,12863.0,13138.0,12728.0,9530.0,7411.0,7773.0,7406.0,32762.0,2021.0,12854.0,12679.0,13022.0,12041.0,13392.0,12680.0,12465.0,10532.0,12284.0,12858.0,11062.0,6828.0,7278.0,8004.0,8406.0,32762.0,1518.0,13135.0,12618.0,12609.0,12769.0,13359.0,12596.0,12581.0,12711.0,12074.0,12962.0,12697.0,12408.0,1381.0,7187.0,7481.0,7730.0,12407.0,13045.0,12564.0,12546.0,12522.0,12680.0,12777.0,10996.0,12303.0,12952.0,12502.0,13011.0,12323.0,1874.0,6530.0,7066.0,7293.0,12525.0,12378.0,12582.0,12675.0,12775.0,12463.0,12455.0,12167.0,12111.0,12674.0,12651.0,12761.0
MOD17A3HGF.A2004001.h10v09.006.2020243083315.Npp_500m,MOD17A3HGF,A2004001,Lat-3.834436Lon-73.31897Samp17Line17,2020243083315,12822.0,13037.0,32762.0,7188.0,6895.0,6882.0,7424.0,32762.0,32762.0,32762.0,32762.0,32762.0,12512.0,12891.0,12443.0,12766.0,12870.0,12590.0,13010.0,32762.0,7162.0,7081.0,6830.0,9106.0,7311.0,6513.0,6986.0,8182.0,12400.0,12371.0,12472.0,12440.0,12241.0,12093.0,12451.0,12686.0,32762.0,7201.0,7068.0,12689.0,12699.0,1737.0,7396.0,7001.0,12675.0,12601.0,11587.0,12553.0,13189.0,12480.0,12171.0,12633.0,12786.0,12746.0,7045.0,7036.0,7025.0,6874.0,7302.0,7295.0,12298.0,12372.0,12357.0,12219.0,12313.0,11976.0,11548.0,12229.0,12708.0,12372.0,12559.0,6857.0,6521.0,7119.0,7167.0,7073.0,7405.0,12709.0,12558.0,11663.0,12111.0,12172.0,12348.0,12373.0,12379.0,12739.0,12736.0,12732.0,12496.0,6590.0,6951.0,32762.0,12555.0,12610.0,12868.0,12459.0,12365.0,12216.0,12669.0,12522.0,12707.0,12341.0,6989.0,1531.0,12616.0,12597.0,6599.0,6992.0,32762.0,13503.0,32766.0,12752.0,12375.0,12340.0,12032.0,12097.0,11725.0,12217.0,12948.0,7038.0,6811.0,6801.0,6516.0,32762.0,6578.0,8979.0,11753.0,32766.0,32766.0,12440.0,11676.0,11939.0,11837.0,12195.0,12246.0,12400.0,6850.0,6525.0,6522.0,6963.0,32762.0,32762.0,32762.0,12181.0,12173.0,12549.0,12133.0,12165.0,12486.0,12115.0,12255.0,12453.0,12288.0,6071.0,6541.0,6493.0,6497.0,6365.0,32762.0,32762.0,11480.0,11663.0,12362.0,12300.0,12180.0,12330.0,12241.0,12390.0,12545.0,12119.0,12350.0,12075.0,6753.0,6898.0,7995.0,6576.0,12384.0,12364.0,12219.0,12280.0,12721.0,12761.0,12704.0,12345.0,11898.0,12080.0,12494.0,5501.0,6244.0,6842.0,7164.0,6964.0,6459.0,12311.0,12115.0,12381.0,11979.0,12430.0,12513.0,12844.0,12772.0,12850.0,12438.0,12241.0,6195.0,6473.0,6302.0,6863.0,6948.0,12633.0,12729.0,12730.0,12562.0,13142.0,12792.0,12728.0,12693.0,12578.0,12597.0,12690.0,12557.0,9642.0,6351.0,6546.0,5919.0,32762.0,2211.0,12803.0,12063.0,12185.0,12329.0,12444.0,12788.0,12576.0,12531.0,12241.0,12385.0,12357.0,6813.0,6880.0,7219.0,7810.0,32762.0,1829.0,12425.0,12168.0,12348.0,11954.0,12353.0,12603.0,12171.0,12137.0,12309.0,12426.0,12402.0,12337.0,657.0,6358.0,7150.0,6864.0,12364.0,13076.0,12231.0,12322.0,12438.0,12197.0,12616.0,12278.0,12554.0,11999.0,12494.0,12445.0,11734.0,906.0,6619.0,6260.0,6636.0,11891.0,12018.0,12192.0,12829.0,12206.0,12363.0,11940.0,12636.0,12329.0,12259.0,12579.0,12398.0
MOD17A3HGF.A2005001.h10v09.006.2020258193515.Npp_500m,MOD17A3HGF,A2005001,Lat-3.834436Lon-73.31897Samp17Line17,2020258193515,13455.0,13864.0,32762.0,7939.0,7566.0,7567.0,7534.0,32762.0,32762.0,32762.0,32762.0,32762.0,13087.0,13157.0,13241.0,12874.0,13452.0,13171.0,13338.0,32762.0,7616.0,7406.0,7521.0,9710.0,7758.0,7968.0,8150.0,9122.0,12338.0,13610.0,13110.0,13326.0,12912.0,12722.0,13280.0,13138.0,32762.0,7849.0,7554.0,13413.0,13285.0,1862.0,7799.0,7863.0,13453.0,10824.0,13441.0,13491.0,13742.0,12664.0,12564.0,13642.0,13669.0,13628.0,7579.0,7909.0,7926.0,7542.0,7741.0,7917.0,13572.0,13591.0,13189.0,12922.0,13130.0,12606.0,12390.0,12818.0,13079.0,13237.0,13325.0,7766.0,8305.0,7530.0,7806.0,8313.0,8141.0,13431.0,13661.0,12911.0,13059.0,13202.0,13119.0,13110.0,13070.0,13409.0,13326.0,13182.0,12783.0,7838.0,7838.0,32762.0,13501.0,13747.0,13865.0,13618.0,12927.0,13320.0,13223.0,13273.0,12998.0,12923.0,7358.0,1648.0,13150.0,13467.0,7740.0,7840.0,32762.0,13772.0,32766.0,13054.0,12947.0,12963.0,13319.0,13263.0,12946.0,12938.0,12865.0,7306.0,7540.0,7860.0,7923.0,32762.0,7871.0,9102.0,13546.0,32766.0,32766.0,13292.0,12790.0,13409.0,13212.0,12835.0,13092.0,12834.0,7627.0,7717.0,7776.0,7486.0,32762.0,32762.0,32762.0,13188.0,13425.0,13277.0,13156.0,12574.0,13177.0,13029.0,12728.0,12774.0,12738.0,7578.0,7406.0,7564.0,7586.0,7948.0,32762.0,32762.0,13277.0,13206.0,13111.0,12595.0,12576.0,12764.0,13039.0,12887.0,12837.0,12935.0,13138.0,13124.0,7711.0,7238.0,8310.0,8085.0,13865.0,13130.0,13141.0,12706.0,12868.0,12744.0,12991.0,12800.0,12851.0,12825.0,12760.0,7561.0,8088.0,7503.0,7982.0,8091.0,8134.0,13615.0,13206.0,13063.0,12947.0,12940.0,12836.0,12770.0,13129.0,13111.0,12766.0,12858.0,7701.0,7815.0,7527.0,7896.0,7897.0,13592.0,13103.0,13082.0,13063.0,13305.0,13193.0,13004.0,13281.0,12786.0,12500.0,12711.0,12829.0,9007.0,7342.0,7711.0,7368.0,32762.0,1245.0,13203.0,12871.0,12754.0,13140.0,12991.0,12816.0,12661.0,12902.0,12435.0,12821.0,12947.0,7646.0,7463.0,7899.0,8306.0,32762.0,2298.0,13183.0,13034.0,13142.0,13312.0,13008.0,12696.0,12616.0,12599.0,12607.0,13046.0,12855.0,13506.0,1715.0,8105.0,8390.0,8202.0,13272.0,13051.0,13000.0,13262.0,13042.0,13016.0,13012.0,12985.0,12999.0,12939.0,13034.0,13058.0,13256.0,1435.0,7906.0,8274.0,7350.0,13523.0,13167.0,12956.0,12978.0,13162.0,13180.0,13169.0,12896.0,12941.0,12892.0,13201.0,13063.0
MOD17A3HGF.A2006001.h10v09.006.2021059051210.Npp_500m,MOD17A3HGF,A2006001,Lat-3.834436Lon-73.31897Samp17Line17,2021059051210,13967.0,13291.0,32762.0,7397.0,6994.0,6707.0,7370.0,32762.0,32762.0,32762.0,32762.0,32762.0,13619.0,13467.0,13465.0,13291.0,13241.0,13570.0,14021.0,32762.0,7118.0,7249.0,6870.0,9017.0,6834.0,6930.0,6844.0,8490.0,12943.0,13651.0,13331.0,13460.0,13505.0,12846.0,13498.0,13683.0,32762.0,6904.0,7251.0,13478.0,13340.0,3700.0,7040.0,6758.0,13240.0,13138.0,13260.0,13112.0,13306.0,13364.0,13184.0,13180.0,13061.0,13071.0,7090.0,7180.0,7513.0,7172.0,7493.0,7475.0,12789.0,13219.0,13214.0,13278.0,13155.0,13234.0,13435.0,13384.0,12733.0,13371.0,13083.0,7801.0,7700.0,7709.0,7414.0,7782.0,7202.0,13081.0,13117.0,13130.0,13311.0,13306.0,13216.0,13407.0,13136.0,12965.0,13180.0,13092.0,13555.0,7422.0,6914.0,32762.0,13799.0,13684.0,13520.0,13123.0,13160.0,13314.0,13228.0,13276.0,13314.0,13090.0,7034.0,3916.0,13647.0,13521.0,7150.0,7429.0,32762.0,13837.0,32766.0,12718.0,13117.0,13239.0,13230.0,13215.0,13217.0,13073.0,13306.0,7338.0,7184.0,7091.0,7414.0,32762.0,7500.0,9185.0,13646.0,32766.0,32766.0,13029.0,12952.0,13200.0,13669.0,13473.0,13461.0,13249.0,7081.0,7095.0,7243.0,7261.0,32762.0,32762.0,32762.0,13685.0,13634.0,13745.0,13035.0,13043.0,13515.0,13537.0,12871.0,13474.0,13258.0,7009.0,7106.0,7298.0,7026.0,7488.0,32762.0,32762.0,13588.0,13418.0,13394.0,13371.0,13502.0,13666.0,13111.0,13107.0,13332.0,13454.0,13184.0,13365.0,6898.0,6660.0,8097.0,7686.0,13420.0,13287.0,13347.0,13281.0,13320.0,13150.0,13260.0,13495.0,13220.0,13020.0,12948.0,7246.0,7219.0,7132.0,7198.0,7588.0,7542.0,13449.0,13479.0,13029.0,12909.0,13476.0,13239.0,13454.0,13477.0,13171.0,13303.0,13191.0,7015.0,7298.0,7383.0,6894.0,7030.0,13326.0,13683.0,13396.0,13180.0,13146.0,13334.0,13410.0,13362.0,13139.0,13070.0,13211.0,13261.0,9883.0,6986.0,7402.0,7404.0,32762.0,2195.0,13092.0,12847.0,13076.0,13009.0,13458.0,13329.0,13615.0,13205.0,13149.0,13040.0,13256.0,7650.0,7368.0,7603.0,8610.0,32762.0,3949.0,12921.0,12627.0,13412.0,13017.0,13114.0,13012.0,13042.0,13099.0,12947.0,12947.0,13111.0,13765.0,2731.0,6774.0,7369.0,7674.0,13539.0,13257.0,13092.0,13207.0,13648.0,13150.0,12993.0,12952.0,13069.0,13031.0,13204.0,13147.0,13333.0,4118.0,6889.0,7232.0,7768.0,13188.0,13574.0,13171.0,13216.0,13274.0,13483.0,13000.0,13129.0,13165.0,13012.0,13196.0,13244.0
MOD17A3HGF.A2007001.h10v09.006.2021089150606.Npp_500m,MOD17A3HGF,A2007001,Lat-3.834436Lon-73.31897Samp17Line17,2021089150606,12374.0,12580.0,32762.0,6894.0,6750.0,6846.0,6857.0,32762.0,32762.0,32762.0,32762.0,32762.0,12728.0,12488.0,12482.0,12392.0,12339.0,12246.0,12473.0,32762.0,6938.0,6764.0,6540.0,9509.0,7250.0,6678.0,7329.0,7844.0,12622.0,12376.0,12041.0,12632.0,12564.0,12343.0,12496.0,12161.0,32762.0,7074.0,6673.0,12704.0,1899.0,2550.0,7407.0,7216.0,12297.0,12398.0,12481.0,12417.0,12341.0,12235.0,12204.0,12326.0,11953.0,12666.0,6497.0,6265.0,6410.0,6746.0,6899.0,6957.0,12590.0,12467.0,12540.0,12368.0,12309.0,12128.0,12355.0,12105.0,12554.0,12678.0,12501.0,6698.0,6418.0,6657.0,6498.0,7006.0,6873.0,12214.0,12165.0,12337.0,12445.0,12292.0,12236.0,12324.0,12241.0,12714.0,12553.0,11756.0,12221.0,6609.0,6400.0,32762.0,12239.0,12453.0,12401.0,12499.0,12271.0,12079.0,12354.0,12716.0,12033.0,12147.0,6692.0,2753.0,11404.0,12279.0,6629.0,6709.0,32762.0,11772.0,32766.0,12598.0,12161.0,12321.0,12293.0,12192.0,12552.0,12466.0,12603.0,6982.0,6750.0,6030.0,6175.0,32762.0,6986.0,8765.0,12664.0,32766.0,32766.0,11999.0,12383.0,12585.0,12328.0,12446.0,12487.0,12377.0,6986.0,6666.0,6429.0,6461.0,32762.0,32762.0,32762.0,12414.0,12675.0,12881.0,12125.0,12527.0,12807.0,12736.0,12638.0,12127.0,12090.0,6779.0,6632.0,6921.0,7012.0,6817.0,32762.0,32762.0,12538.0,12795.0,12743.0,12489.0,12513.0,12043.0,12626.0,12507.0,12615.0,12258.0,12416.0,12546.0,7022.0,7070.0,8039.0,6938.0,12392.0,12547.0,12354.0,12408.0,12349.0,12475.0,12781.0,12436.0,11540.0,11129.0,12144.0,6760.0,6489.0,6885.0,7298.0,7140.0,7062.0,12407.0,12411.0,11926.0,12211.0,12491.0,12481.0,12237.0,12393.0,10868.0,10923.0,12015.0,6714.0,7277.0,7168.0,7000.0,7210.0,12323.0,12252.0,12479.0,12590.0,12541.0,12411.0,12462.0,12225.0,11849.0,11940.0,11975.0,11993.0,8783.0,7094.0,6874.0,7047.0,32762.0,1139.0,12196.0,12243.0,12229.0,12406.0,12561.0,12432.0,12185.0,11891.0,11834.0,12196.0,11997.0,7110.0,7778.0,6857.0,8298.0,32762.0,1607.0,11530.0,12047.0,11999.0,12296.0,12639.0,12294.0,11870.0,11966.0,11953.0,11964.0,11931.0,12240.0,897.0,7224.0,7304.0,7426.0,12472.0,11517.0,12157.0,12206.0,12399.0,12501.0,11962.0,11885.0,11775.0,11944.0,11952.0,11209.0,12775.0,54.0,7302.0,7066.0,7002.0,12241.0,12141.0,12161.0,11971.0,12991.0,12878.0,12224.0,12015.0,12005.0,11880.0,11924.0,12129.0
MOD17A3HGF.A2008001.h10v09.006.2021148151411.Npp_500m,MOD17A3HGF,A2008001,Lat-3.834436Lon-73.31897Samp17Line17,2021148151411,11825.0,11461.0,32762.0,6396.0,6550.0,6474.0,6360.0,32762.0,32762.0,32762.0,32762.0,32762.0,11566.0,11009.0,10685.0,10829.0,10921.0,11415.0,11499.0,32762.0,6527.0,6429.0,6490.0,8130.0,6312.0,6829.0,6526.0,8178.0,11287.0,11359.0,11191.0,11085.0,10569.0,10813.0,11499.0,11360.0,32762.0,6586.0,6035.0,11141.0,1459.0,1515.0,6424.0,6404.0,11003.0,11004.0,10922.0,11010.0,10956.0,10945.0,11355.0,11811.0,11800.0,11572.0,5819.0,5610.0,5715.0,5844.0,6290.0,6251.0,11255.0,11288.0,10742.0,11074.0,10871.0,10866.0,11232.0,11103.0,11355.0,11598.0,10857.0,5968.0,6543.0,7069.0,6531.0,6142.0,5955.0,10972.0,10865.0,10865.0,10955.0,11059.0,11036.0,11214.0,11090.0,10980.0,11129.0,10335.0,10124.0,6138.0,6602.0,32762.0,11295.0,11136.0,11035.0,11065.0,10763.0,10841.0,11313.0,11365.0,11183.0,10875.0,6539.0,1080.0,10385.0,10270.0,6139.0,6095.0,32762.0,9919.0,32766.0,10825.0,11589.0,10640.0,10906.0,10965.0,10901.0,10704.0,10825.0,6527.0,6008.0,5983.0,5686.0,32762.0,5848.0,8173.0,10510.0,32766.0,32766.0,11504.0,10668.0,10653.0,10951.0,11121.0,11186.0,11098.0,6471.0,6381.0,6008.0,6409.0,32762.0,32762.0,32762.0,10958.0,11061.0,11336.0,11353.0,11428.0,11190.0,11083.0,11115.0,11051.0,11006.0,5999.0,5615.0,6395.0,6550.0,6362.0,32762.0,32762.0,11022.0,11149.0,11021.0,11076.0,11285.0,11129.0,10998.0,10684.0,10922.0,11020.0,11211.0,10280.0,6342.0,6396.0,7183.0,6200.0,11326.0,11068.0,10884.0,10870.0,10867.0,11198.0,11134.0,10932.0,10966.0,10758.0,10804.0,6532.0,6254.0,6746.0,6074.0,6554.0,6258.0,11386.0,11163.0,10874.0,10955.0,10826.0,10913.0,10763.0,10784.0,10537.0,10760.0,10806.0,6488.0,6719.0,6252.0,6245.0,6353.0,10879.0,10770.0,10718.0,10829.0,11280.0,11237.0,10960.0,11168.0,10643.0,10928.0,10760.0,10783.0,8884.0,5710.0,5697.0,6893.0,32762.0,0.0,10791.0,11042.0,11052.0,11018.0,10869.0,10732.0,10688.0,10943.0,10610.0,10679.0,10292.0,6083.0,6205.0,5821.0,7079.0,32762.0,0.0,10664.0,10458.0,10771.0,10955.0,10789.0,10909.0,10865.0,11008.0,11233.0,10481.0,10807.0,10863.0,2892.0,5529.0,7006.0,6889.0,10813.0,10703.0,10436.0,11235.0,11194.0,10798.0,10905.0,10889.0,10809.0,11056.0,10636.0,10764.0,11130.0,631.0,6010.0,6289.0,6693.0,11206.0,10785.0,10546.0,11226.0,11052.0,11153.0,10685.0,11551.0,10814.0,10760.0,10773.0,10840.0
MOD17A3HGF.A2009001.h10v09.006.2021156235320.Npp_500m,MOD17A3HGF,A2009001,Lat-3.834436Lon-73.31897Samp17Line17,2021156235320,10557.0,10746.0,32762.0,6210.0,5606.0,5400.0,5296.0,32762.0,32762.0,32762.0,32762.0,32762.0,9492.0,8662.0,8709.0,10093.0,9439.0,10396.0,10992.0,32762.0,5892.0,5622.0,5137.0,7503.0,5462.0,5610.0,5728.0,7225.0,9682.0,9610.0,9928.0,10088.0,9084.0,9033.0,10682.0,10717.0,32762.0,5943.0,5557.0,9460.0,0.0,394.0,5734.0,5550.0,10019.0,8955.0,9695.0,9422.0,10337.0,9933.0,9902.0,10417.0,10427.0,10578.0,5771.0,5466.0,5134.0,5804.0,5569.0,5910.0,9655.0,9794.0,9362.0,9509.0,9484.0,9813.0,9735.0,10064.0,10693.0,10396.0,10194.0,5716.0,5571.0,5518.0,5762.0,6102.0,5794.0,9832.0,9535.0,9612.0,9759.0,9842.0,9939.0,10044.0,10453.0,10361.0,10208.0,10239.0,10068.0,5869.0,5620.0,32762.0,10103.0,9572.0,9831.0,9139.0,9575.0,9256.0,10122.0,10401.0,10345.0,10037.0,5384.0,1374.0,10402.0,10329.0,5486.0,5802.0,32762.0,10230.0,32766.0,9583.0,9377.0,8845.0,10191.0,10178.0,9888.0,10055.0,9910.0,5794.0,5762.0,5296.0,5542.0,32762.0,5894.0,7560.0,10328.0,32766.0,32766.0,9203.0,8643.0,9964.0,10021.0,10099.0,9931.0,9930.0,5563.0,5596.0,5856.0,5922.0,32762.0,32762.0,32762.0,10059.0,9907.0,10363.0,9550.0,9232.0,9448.0,10316.0,9691.0,9827.0,8813.0,5178.0,5500.0,5598.0,5967.0,5254.0,32762.0,32762.0,9913.0,9580.0,9562.0,10099.0,10076.0,10347.0,9842.0,8811.0,9002.0,9734.0,10032.0,10175.0,4397.0,5704.0,7076.0,6135.0,9789.0,9839.0,9784.0,7795.0,9227.0,10522.0,10359.0,10218.0,10282.0,10318.0,9839.0,4161.0,5250.0,5298.0,5870.0,5833.0,5658.0,9500.0,10086.0,9566.0,9802.0,10043.0,10374.0,10348.0,9991.0,9796.0,9805.0,9773.0,5773.0,5334.0,5466.0,5372.0,5667.0,9560.0,9501.0,9935.0,9842.0,10161.0,10247.0,10230.0,10337.0,9776.0,10165.0,9905.0,9689.0,7309.0,6347.0,5970.0,6135.0,32762.0,0.0,9762.0,9638.0,9487.0,10208.0,10420.0,10245.0,9959.0,10018.0,9933.0,9727.0,9719.0,5016.0,5817.0,5952.0,6726.0,32762.0,0.0,9698.0,9782.0,9790.0,10011.0,10411.0,10073.0,9902.0,9643.0,9820.0,9618.0,10178.0,9874.0,0.0,5898.0,6033.0,6160.0,9625.0,9540.0,9708.0,9854.0,10010.0,9875.0,10199.0,10059.0,10335.0,9672.0,9862.0,10337.0,10135.0,0.0,5622.0,5569.0,6358.0,9619.0,9350.0,9793.0,10066.0,10168.0,10133.0,9823.0,9558.0,9527.0,9734.0,9282.0,9766.0
MOD17A3HGF.A2010001.h10v09.006.2021186014333.Npp_500m,MOD17A3HGF,A2010001,Lat-3.834436Lon-73.31897Samp17Line17,2021186014333,10443.0,10276.0,32762.0,5974.0,5840.0,5570.0,5435.0,32762.0,32762.0,32762.0,32762.0,32762.0,9998.0,10011.0,9879.0,9506.0,9679.0,10147.0,10227.0,32762.0,5926.0,5547.0,4962.0,7607.0,5474.0,5284.0,5332.0,6861.0,9841.0,9964.0,9742.0,9863.0,9920.0,9752.0,10369.0,10230.0,32762.0,5781.0,5534.0,9846.0,0.0,527.0,5370.0,5211.0,10045.0,10116.0,9381.0,9524.0,9824.0,9989.0,9785.0,10214.0,10097.0,10021.0,5605.0,5708.0,5370.0,5757.0,5516.0,5602.0,10009.0,10034.0,9916.0,10038.0,9896.0,9926.0,9838.0,9706.0,9991.0,10054.0,9995.0,5719.0,5770.0,5750.0,5751.0,6026.0,5732.0,9496.0,9704.0,10009.0,9846.0,10017.0,9860.0,9993.0,9520.0,10371.0,9925.0,10164.0,10075.0,5298.0,5878.0,32762.0,10351.0,10386.0,9916.0,9860.0,9852.0,9717.0,9849.0,10136.0,9874.0,9683.0,5782.0,1322.0,10114.0,10280.0,5548.0,5948.0,32762.0,10244.0,32766.0,10017.0,9958.0,9801.0,10053.0,9756.0,9827.0,10028.0,9961.0,5946.0,5645.0,5458.0,5762.0,32762.0,5560.0,7058.0,10405.0,32766.0,32766.0,9846.0,9445.0,9656.0,9551.0,9839.0,9892.0,9499.0,5381.0,5607.0,5658.0,5902.0,32762.0,32762.0,32762.0,10030.0,9984.0,10014.0,9874.0,9254.0,9505.0,9922.0,9329.0,9544.0,9764.0,5046.0,5384.0,5334.0,5866.0,5946.0,32762.0,32762.0,10389.0,10020.0,10188.0,9545.0,9694.0,9772.0,9777.0,9217.0,9684.0,9898.0,9997.0,9864.0,5282.0,5582.0,6802.0,6134.0,10596.0,10063.0,10023.0,9834.0,9858.0,9672.0,9837.0,9705.0,9616.0,9473.0,9699.0,4425.0,5541.0,5643.0,5790.0,5553.0,5216.0,10227.0,10018.0,9872.0,9745.0,9630.0,10110.0,9965.0,9966.0,9878.0,9820.0,10038.0,5174.0,6119.0,5758.0,5584.0,5943.0,9856.0,10046.0,9886.0,10155.0,9955.0,9994.0,9973.0,9785.0,9666.0,9917.0,10170.0,10052.0,7638.0,5938.0,5901.0,5990.0,32762.0,297.0,9963.0,9834.0,10016.0,9983.0,9694.0,9819.0,9692.0,9769.0,9903.0,9756.0,9533.0,5901.0,5411.0,6072.0,7202.0,32762.0,0.0,9814.0,9740.0,9797.0,9697.0,9926.0,9889.0,9837.0,9750.0,9669.0,9862.0,10081.0,9989.0,0.0,6458.0,6218.0,5965.0,9933.0,9940.0,9156.0,9412.0,9393.0,9312.0,9536.0,9588.0,10015.0,9606.0,9661.0,9436.0,9968.0,337.0,5829.0,5417.0,5441.0,10042.0,9782.0,9376.0,9407.0,10095.0,10087.0,9205.0,9419.0,9700.0,9721.0,9525.0,9852.0
MOD17A3HGF.A2011001.h10v09.006.2021213172816.Npp_500m,MOD17A3HGF,A2011001,Lat-3.834436Lon-73.31897Samp17Line17,2021213172816,10185.0,9974.0,32762.0,5495.0,5638.0,5749.0,5111.0,32762.0,32762.0,32762.0,32762.0,32762.0,9963.0,9726.0,10135.0,9856.0,9630.0,10332.0,10175.0,32762.0,5528.0,5421.0,5361.0,7412.0,5335.0,4972.0,5099.0,6334.0,8663.0,9450.0,9947.0,9952.0,9786.0,9649.0,9773.0,10338.0,32762.0,5200.0,4874.0,9762.0,0.0,580.0,5062.0,4946.0,8909.0,9431.0,10084.0,10039.0,9691.0,9346.0,9534.0,10097.0,9743.0,9908.0,5141.0,5567.0,5095.0,5349.0,5210.0,5400.0,9770.0,9618.0,9068.0,9743.0,9795.0,10010.0,9711.0,9988.0,9906.0,9367.0,9480.0,5431.0,5308.0,5397.0,5550.0,5548.0,5198.0,9213.0,9625.0,9340.0,9437.0,9739.0,9733.0,9155.0,9473.0,9394.0,9499.0,9761.0,9543.0,5058.0,5487.0,32762.0,9819.0,9990.0,9397.0,9330.0,9441.0,9400.0,10117.0,9656.0,9686.0,9646.0,5366.0,0.0,9370.0,9583.0,5214.0,5517.0,32762.0,9878.0,32766.0,9862.0,9740.0,9613.0,9881.0,10003.0,9934.0,9272.0,9535.0,5597.0,5243.0,5381.0,5042.0,32762.0,5570.0,6588.0,9475.0,32766.0,32766.0,9936.0,9454.0,10019.0,9961.0,9708.0,9535.0,9495.0,5409.0,5473.0,5274.0,5175.0,32762.0,32762.0,32762.0,9946.0,9519.0,10130.0,9860.0,9877.0,9968.0,10068.0,10035.0,9223.0,9306.0,5051.0,5481.0,5422.0,5391.0,5313.0,32762.0,32762.0,9769.0,9551.0,9514.0,9738.0,9737.0,9874.0,10004.0,9771.0,9516.0,9855.0,9492.0,9385.0,5265.0,5636.0,6234.0,5616.0,9327.0,9455.0,9428.0,9734.0,9448.0,9457.0,9526.0,9096.0,8943.0,9264.0,10046.0,4904.0,4974.0,5088.0,5998.0,5729.0,5720.0,9161.0,9935.0,9607.0,9541.0,9609.0,9431.0,9027.0,9284.0,9295.0,9286.0,9447.0,5563.0,5556.0,5208.0,5289.0,5668.0,9401.0,9402.0,9159.0,9400.0,9367.0,9508.0,9351.0,9531.0,9368.0,9364.0,9670.0,9654.0,7180.0,5545.0,5530.0,5459.0,32762.0,26.0,9695.0,9391.0,9407.0,9149.0,9227.0,9221.0,9367.0,9400.0,9331.0,9335.0,9217.0,4770.0,5258.0,5549.0,6735.0,32762.0,0.0,9770.0,9270.0,9452.0,9564.0,9568.0,9343.0,9391.0,9238.0,9130.0,9207.0,9340.0,9599.0,0.0,5935.0,4947.0,5882.0,9870.0,9203.0,9201.0,9291.0,9354.0,9391.0,9551.0,9093.0,9185.0,9077.0,9112.0,9200.0,9518.0,0.0,5246.0,5026.0,6462.0,9348.0,9063.0,9362.0,9226.0,9206.0,9142.0,9406.0,9357.0,9534.0,9627.0,9456.0,9564.0
MOD17A3HGF.A2012001.h10v09.006.2021244153602.Npp_500m,MOD17A3HGF,A2012001,Lat-3.834436Lon-73.31897Samp17Line17,2021244153602,10708.0,10277.0,32762.0,6543.0,6167.0,6058.0,6141.0,32762.0,32762.0,32762.0,32762.0,32762.0,11287.0,11437.0,11181.0,11073.0,10994.0,11089.0,11075.0,32762.0,6575.0,5896.0,5902.0,8486.0,6362.0,6286.0,6265.0,7442.0,10333.0,9681.0,10493.0,10267.0,10276.0,10051.0,11503.0,11633.0,32762.0,6443.0,5082.0,10304.0,0.0,755.0,6540.0,6279.0,10327.0,10712.0,10410.0,10837.0,10837.0,10837.0,10606.0,11231.0,11168.0,11050.0,6572.0,6022.0,5453.0,6051.0,6360.0,6774.0,10254.0,10353.0,10774.0,10638.0,10752.0,10561.0,10791.0,9962.0,11028.0,10607.0,10598.0,6634.0,6605.0,6457.0,6617.0,6550.0,6470.0,10505.0,10644.0,10895.0,10545.0,10829.0,10263.0,10223.0,10158.0,10856.0,10641.0,10498.0,10629.0,6365.0,6838.0,32762.0,10951.0,10863.0,10921.0,10749.0,10190.0,10651.0,10802.0,10201.0,10450.0,10388.0,6812.0,337.0,10394.0,10403.0,6270.0,6234.0,32762.0,11233.0,32766.0,11105.0,10482.0,10485.0,10906.0,10950.0,10306.0,10040.0,10036.0,6598.0,6788.0,6389.0,6570.0,32762.0,6353.0,6918.0,11100.0,32766.0,32766.0,10908.0,10481.0,10863.0,10881.0,10363.0,10125.0,10413.0,6209.0,6709.0,6432.0,6548.0,32762.0,32762.0,32762.0,10848.0,10735.0,11312.0,10907.0,10875.0,10818.0,10925.0,10457.0,10184.0,10542.0,5188.0,5894.0,6414.0,6348.0,6499.0,32762.0,32762.0,10755.0,10294.0,10824.0,10178.0,10756.0,10715.0,10582.0,10531.0,10436.0,10213.0,10384.0,10573.0,5915.0,6634.0,7610.0,6592.0,10606.0,10519.0,10657.0,10676.0,10746.0,10960.0,10698.0,10247.0,10068.0,10337.0,10109.0,6278.0,6165.0,6283.0,6278.0,6267.0,6491.0,10686.0,10420.0,10808.0,10479.0,10840.0,10770.0,10276.0,10122.0,10173.0,10842.0,10239.0,6285.0,6423.0,6318.0,6190.0,6780.0,10359.0,10490.0,10313.0,10458.0,10895.0,11019.0,10749.0,10462.0,10258.0,10200.0,10525.0,10434.0,8202.0,6245.0,6324.0,6029.0,32762.0,0.0,10273.0,10456.0,9968.0,10788.0,10773.0,10571.0,10586.0,10291.0,10301.0,10583.0,10799.0,6150.0,6216.0,6155.0,7438.0,32762.0,0.0,9918.0,10081.0,10404.0,10508.0,10392.0,10256.0,10508.0,10078.0,10059.0,10258.0,10621.0,10085.0,576.0,6075.0,6188.0,6605.0,10647.0,10253.0,10272.0,10427.0,10426.0,10559.0,10404.0,10635.0,10197.0,10212.0,10258.0,10594.0,10219.0,0.0,5126.0,5948.0,6686.0,10521.0,10127.0,9939.0,10530.0,10677.0,10808.0,10266.0,10402.0,10350.0,10390.0,10198.0,10423.0
MOD17A3HGF.A2013001.h10v09.006.2021324233043.Npp_500m,MOD17A3HGF,A2013001,Lat-3.834436Lon-73.31897Samp17Line17,2021324233043,10109.0,10195.0,32762.0,5700.0,5080.0,4927.0,4890.0,32762.0,32762.0,32762.0,32762.0,32762.0,10505.0,10327.0,9779.0,9636.0,9882.0,10542.0,10392.0,32762.0,5697.0,5202.0,4862.0,7909.0,5382.0,5366.0,5496.0,6685.0,10234.0,9865.0,9584.0,9504.0,9648.0,9888.0,10217.0,10541.0,32762.0,5402.0,4234.0,10045.0,56.0,0.0,5710.0,5357.0,9757.0,9541.0,9760.0,9676.0,9900.0,9708.0,9910.0,10346.0,10359.0,10637.0,5318.0,5108.0,4996.0,5290.0,4798.0,5116.0,10427.0,9502.0,9643.0,9384.0,9793.0,9860.0,9827.0,9584.0,10230.0,10335.0,10182.0,5344.0,5326.0,5330.0,5251.0,5473.0,5114.0,10089.0,10121.0,10222.0,9952.0,10087.0,10087.0,9692.0,9546.0,10298.0,9823.0,9850.0,10250.0,5461.0,5661.0,32762.0,10479.0,10203.0,9853.0,10188.0,10091.0,9348.0,9359.0,9715.0,9657.0,9895.0,5623.0,0.0,10108.0,10102.0,5554.0,5687.0,32762.0,11126.0,32766.0,10163.0,10229.0,9848.0,9849.0,9844.0,10047.0,9588.0,9576.0,5318.0,5566.0,5586.0,5524.0,32762.0,5714.0,7054.0,10935.0,32766.0,32766.0,9518.0,9901.0,9822.0,10040.0,9940.0,9682.0,9510.0,4967.0,5645.0,5799.0,5768.0,32762.0,32762.0,32762.0,10582.0,10658.0,10054.0,9126.0,9814.0,9837.0,9858.0,9680.0,9721.0,9838.0,4593.0,5318.0,5733.0,5664.0,5553.0,32762.0,32762.0,10595.0,10418.0,10032.0,9991.0,10204.0,10292.0,10252.0,10131.0,9867.0,9975.0,10356.0,10174.0,5605.0,5639.0,6370.0,5610.0,10290.0,10172.0,9651.0,10211.0,9933.0,9821.0,9985.0,10209.0,10098.0,9838.0,9819.0,5108.0,5334.0,5290.0,5628.0,5611.0,5790.0,9959.0,10180.0,10277.0,10290.0,10163.0,10157.0,9616.0,9790.0,10039.0,10083.0,9720.0,5181.0,5352.0,5554.0,5497.0,5730.0,10117.0,10071.0,9991.0,10150.0,10079.0,10307.0,10013.0,9719.0,10072.0,10057.0,9913.0,9767.0,7399.0,5096.0,5183.0,5756.0,32762.0,228.0,10040.0,9605.0,9807.0,9963.0,10172.0,10010.0,9737.0,9569.0,10034.0,10152.0,9914.0,5118.0,5523.0,5838.0,6777.0,32762.0,0.0,9873.0,9516.0,9628.0,9656.0,9696.0,9826.0,9668.0,9601.0,9668.0,9049.0,9444.0,9535.0,0.0,5801.0,5874.0,5658.0,9846.0,10270.0,9835.0,10045.0,10030.0,10154.0,9574.0,9733.0,9713.0,9878.0,9487.0,9632.0,9714.0,0.0,5612.0,5822.0,5738.0,9835.0,9968.0,9815.0,10006.0,9993.0,9606.0,9963.0,10282.0,9412.0,10004.0,9628.0,9821.0
MOD17A3HGF.A2014001.h10v09.006.2022078231036.Npp_500m,MOD17A3HGF,A2014001,Lat-3.834436Lon-73.31897Samp17Line17,2022078231036,10753.0,9946.0,32762.0,5694.0,5749.0,5857.0,6024.0,32762.0,32762.0,32762.0,32762.0,32762.0,10961.0,11322.0,11289.0,11018.0,10791.0,10996.0,11038.0,32762.0,5570.0,5381.0,5384.0,8110.0,6398.0,6285.0,6107.0,7322.0,10932.0,11019.0,11486.0,11531.0,10653.0,10672.0,10893.0,11440.0,32762.0,5657.0,5370.0,10770.0,676.0,1115.0,6042.0,5913.0,10665.0,10523.0,10948.0,11049.0,11274.0,10882.0,11114.0,11076.0,11337.0,10965.0,5934.0,5996.0,5472.0,5630.0,6016.0,6206.0,10983.0,10870.0,11132.0,10450.0,10616.0,10999.0,11484.0,10990.0,11034.0,10979.0,10959.0,6441.0,6150.0,6353.0,6007.0,6392.0,5777.0,11043.0,11127.0,11059.0,11278.0,11123.0,10701.0,10786.0,11202.0,11436.0,11144.0,10791.0,10831.0,5888.0,6332.0,32762.0,10986.0,10893.0,11237.0,10905.0,10791.0,11009.0,11175.0,11260.0,11223.0,10801.0,5841.0,151.0,10791.0,11009.0,5886.0,6339.0,32762.0,11477.0,32766.0,11099.0,10933.0,10981.0,10759.0,11331.0,11066.0,11312.0,11126.0,5988.0,5840.0,5899.0,6578.0,32762.0,6469.0,7014.0,11054.0,32766.0,32766.0,11271.0,10954.0,10855.0,11210.0,11202.0,11449.0,11236.0,5962.0,5913.0,5968.0,6631.0,32762.0,32762.0,32762.0,11297.0,10624.0,11140.0,11502.0,10837.0,11147.0,11134.0,11074.0,10954.0,10544.0,5919.0,5954.0,6582.0,6429.0,6243.0,32762.0,32762.0,10877.0,10584.0,11120.0,11359.0,11191.0,11009.0,10994.0,11028.0,9966.0,10281.0,10850.0,10740.0,6070.0,6113.0,6522.0,6018.0,11277.0,10966.0,11059.0,10528.0,10550.0,10451.0,10919.0,10736.0,10602.0,10834.0,10545.0,5732.0,5926.0,6161.0,6446.0,6528.0,6246.0,10651.0,10993.0,10425.0,10394.0,10199.0,10587.0,10475.0,10734.0,10803.0,11300.0,11396.0,6530.0,6437.0,6598.0,6668.0,6476.0,11034.0,10666.0,10755.0,10431.0,10270.0,11005.0,10955.0,10961.0,10841.0,10688.0,10982.0,11125.0,7828.0,6283.0,6305.0,6350.0,32762.0,220.0,10370.0,10770.0,10332.0,10867.0,11140.0,10910.0,11534.0,11056.0,10923.0,10894.0,11056.0,5702.0,6375.0,6382.0,7267.0,32762.0,0.0,10491.0,10339.0,10387.0,11244.0,10631.0,10707.0,10439.0,10927.0,11352.0,10922.0,11167.0,10721.0,796.0,6405.0,6656.0,6632.0,10716.0,10430.0,10169.0,10800.0,11043.0,10331.0,10392.0,10251.0,10678.0,10908.0,10945.0,11308.0,10743.0,486.0,5977.0,5818.0,6694.0,10506.0,10286.0,10225.0,10123.0,11021.0,10353.0,10312.0,11350.0,11382.0,10749.0,10598.0,10970.0
MOD17A3HGF.A2015001.h10v09.006.2021351184100.Npp_500m,MOD17A3HGF,A2015001,Lat-3.834436Lon-73.31897Samp17Line17,2021351184100,11496.0,10807.0,32762.0,6058.0,6144.0,6904.0,6505.0,32762.0,32762.0,32762.0,32762.0,32762.0,11222.0,11480.0,11286.0,11090.0,11008.0,11755.0,12146.0,32762.0,6786.0,6006.0,6422.0,8778.0,5886.0,5836.0,5876.0,7630.0,10912.0,11111.0,11037.0,11198.0,11056.0,10948.0,11596.0,11537.0,32762.0,6110.0,5830.0,11042.0,131.0,403.0,6200.0,6326.0,11322.0,11483.0,11030.0,11324.0,11233.0,11071.0,11191.0,11671.0,11724.0,11422.0,6180.0,5969.0,5965.0,6224.0,6313.0,6537.0,11156.0,11078.0,10635.0,11071.0,11196.0,11265.0,11136.0,11274.0,11261.0,11113.0,11161.0,5834.0,6650.0,6373.0,6242.0,6478.0,6424.0,10921.0,11371.0,10668.0,10885.0,10977.0,10926.0,10887.0,10737.0,11799.0,11394.0,11103.0,11140.0,5886.0,6298.0,32762.0,11458.0,11114.0,10876.0,10653.0,10891.0,10790.0,11090.0,11104.0,10759.0,10668.0,5953.0,1592.0,10752.0,10744.0,5912.0,5978.0,32762.0,11795.0,32766.0,11283.0,10947.0,10854.0,10943.0,11037.0,10893.0,10841.0,10611.0,5902.0,6114.0,6025.0,5686.0,32762.0,5506.0,7538.0,11220.0,32766.0,32766.0,11484.0,11218.0,11074.0,11234.0,11318.0,10637.0,10784.0,5411.0,5690.0,5920.0,5864.0,32762.0,32762.0,32762.0,11041.0,11744.0,11468.0,11189.0,11150.0,11336.0,11181.0,10786.0,10981.0,10848.0,5138.0,5685.0,5686.0,5465.0,5812.0,32762.0,32762.0,10801.0,11429.0,11375.0,11478.0,11083.0,11054.0,10791.0,10804.0,10913.0,10754.0,11547.0,11414.0,5018.0,5719.0,6936.0,6694.0,11398.0,11358.0,11273.0,11325.0,11444.0,11218.0,12031.0,10837.0,11688.0,10576.0,11011.0,5622.0,5465.0,5546.0,5703.0,5448.0,7534.0,11111.0,11163.0,11134.0,10951.0,10969.0,11135.0,11147.0,10817.0,11098.0,11366.0,10680.0,5346.0,5819.0,5942.0,5390.0,5802.0,11110.0,11193.0,10882.0,10823.0,10851.0,11052.0,11397.0,11279.0,10718.0,11064.0,11070.0,11115.0,7834.0,5838.0,5971.0,6007.0,32762.0,94.0,10862.0,10700.0,10852.0,11564.0,11391.0,11260.0,11373.0,10909.0,11178.0,11262.0,11131.0,5313.0,5575.0,6086.0,6942.0,32762.0,504.0,10652.0,10598.0,10657.0,11541.0,10741.0,11702.0,11333.0,11352.0,11255.0,10914.0,11140.0,11090.0,1514.0,6250.0,5790.0,5773.0,11348.0,10490.0,10776.0,10621.0,10917.0,11020.0,11526.0,11280.0,11255.0,10870.0,11533.0,11419.0,10911.0,346.0,6017.0,5905.0,6021.0,11221.0,10542.0,11010.0,10826.0,10905.0,10853.0,11206.0,11124.0,11647.0,11295.0,10916.0,11065.0
MOD17A3HGF.A2016001.h10v09.006.2022003081739.Npp_500m,MOD17A3HGF,A2016001,Lat-3.834436Lon-73.31897Samp17Line17,2022003081739,10645.0,10671.0,32762.0,6281.0,5785.0,5768.0,5930.0,32762.0,32762.0,32762.0,32762.0,32762.0,10174.0,10643.0,10671.0,10741.0,10357.0,10954.0,10726.0,32762.0,6232.0,5950.0,5618.0,8258.0,5671.0,5786.0,5314.0,6618.0,10807.0,10713.0,10514.0,10354.0,11026.0,10411.0,11155.0,11393.0,32762.0,6210.0,5838.0,10778.0,522.0,294.0,6131.0,5646.0,11490.0,10775.0,10803.0,10940.0,10422.0,11011.0,10701.0,10984.0,11532.0,11107.0,6178.0,6286.0,5986.0,6186.0,6168.0,6214.0,10923.0,10905.0,10788.0,10874.0,10835.0,10894.0,10842.0,10451.0,11552.0,11386.0,11088.0,6166.0,6025.0,6181.0,6133.0,6206.0,6114.0,10788.0,10634.0,10884.0,10785.0,10993.0,11151.0,10986.0,10951.0,10899.0,10910.0,10453.0,10740.0,5780.0,6661.0,32762.0,11170.0,11043.0,11016.0,10890.0,11071.0,10774.0,10951.0,10951.0,10842.0,10931.0,6318.0,838.0,10902.0,10732.0,6562.0,6566.0,32762.0,11428.0,32766.0,11239.0,10941.0,10905.0,11197.0,11158.0,11068.0,11125.0,11055.0,6451.0,6203.0,6191.0,6327.0,32762.0,6290.0,7071.0,10629.0,32766.0,32766.0,10778.0,10493.0,11028.0,11130.0,11054.0,11048.0,11174.0,5915.0,6195.0,6017.0,6175.0,32762.0,32762.0,32762.0,11047.0,11101.0,11081.0,10896.0,10393.0,10977.0,11054.0,11638.0,11510.0,11110.0,5194.0,5419.0,6030.0,6268.0,6282.0,32762.0,32762.0,11130.0,10969.0,10912.0,10803.0,10694.0,11175.0,11136.0,11316.0,11416.0,10946.0,10811.0,10570.0,5790.0,5758.0,6822.0,6105.0,11170.0,11011.0,10774.0,11217.0,11384.0,11012.0,11203.0,11455.0,10929.0,11379.0,11213.0,6007.0,5133.0,5888.0,6618.0,6536.0,6210.0,10700.0,10982.0,10383.0,11031.0,10744.0,10573.0,10347.0,10918.0,11021.0,10890.0,10610.0,5777.0,6494.0,6428.0,6729.0,6725.0,10980.0,11158.0,11022.0,10620.0,11013.0,11435.0,11152.0,11019.0,11023.0,10771.0,10954.0,10065.0,7435.0,5627.0,6272.0,5927.0,32762.0,1118.0,10726.0,10371.0,10605.0,10869.0,11346.0,10676.0,10622.0,10614.0,10726.0,10279.0,10836.0,5642.0,5798.0,6137.0,7415.0,32762.0,0.0,10276.0,10224.0,10395.0,10582.0,11151.0,10202.0,10663.0,10714.0,10788.0,10683.0,10675.0,10797.0,520.0,6405.0,5946.0,6038.0,10258.0,10716.0,9790.0,10216.0,10949.0,11110.0,11022.0,10498.0,11027.0,10897.0,10778.0,10667.0,10796.0,46.0,6174.0,6318.0,6104.0,10267.0,10334.0,10535.0,10239.0,10457.0,10931.0,11405.0,11461.0,11210.0,10147.0,11400.0,11201.0
MOD17A3HGF.A2017001.h10v09.006.2021300022409.Npp_500m,MOD17A3HGF,A2017001,Lat-3.834436Lon-73.31897Samp17Line17,2021300022409,11041.0,11403.0,32762.0,5999.0,5750.0,5775.0,5822.0,32762.0,32762.0,32762.0,32762.0,32762.0,11310.0,10710.0,10323.0,10117.0,10127.0,11055.0,11330.0,32762.0,6156.0,6015.0,5953.0,8303.0,5501.0,5406.0,5584.0,6432.0,10680.0,10402.0,10423.0,10257.0,10133.0,10112.0,11055.0,11159.0,32762.0,5882.0,5976.0,10857.0,0.0,844.0,6169.0,6057.0,10683.0,10867.0,10538.0,11048.0,10339.0,10415.0,10511.0,10845.0,11054.0,10815.0,6382.0,6148.0,5846.0,6187.0,5762.0,6130.0,10953.0,10738.0,10170.0,10208.0,10124.0,10306.0,10737.0,10207.0,10669.0,10353.0,10860.0,6467.0,6054.0,6026.0,5954.0,5948.0,6334.0,10704.0,10545.0,10302.0,10038.0,10258.0,10351.0,10305.0,10171.0,11330.0,10428.0,10394.0,10530.0,5721.0,5927.0,32762.0,10585.0,10680.0,10110.0,10137.0,10360.0,9837.0,10578.0,10421.0,10514.0,10145.0,6428.0,137.0,10602.0,10466.0,6249.0,5886.0,32762.0,9940.0,32766.0,10461.0,10492.0,10235.0,10299.0,10665.0,10361.0,10601.0,10021.0,5944.0,6102.0,6111.0,5785.0,32762.0,5613.0,7024.0,10555.0,32766.0,32766.0,10691.0,10241.0,10459.0,10292.0,9897.0,10352.0,10373.0,6098.0,5748.0,6085.0,6700.0,32762.0,32762.0,32762.0,9395.0,10745.0,10473.0,10332.0,9895.0,10195.0,10428.0,10380.0,10290.0,10472.0,5281.0,5264.0,5968.0,6666.0,6895.0,32762.0,32762.0,9885.0,10541.0,10232.0,10277.0,10238.0,10492.0,10559.0,10460.0,10519.0,10536.0,11019.0,9656.0,5700.0,5878.0,8038.0,6598.0,10327.0,10973.0,10593.0,10614.0,10011.0,10284.0,9991.0,10369.0,10489.0,10409.0,10886.0,5676.0,5458.0,6093.0,6575.0,5958.0,6618.0,10792.0,10247.0,9117.0,9652.0,9424.0,9646.0,10362.0,10580.0,10594.0,10477.0,10674.0,6458.0,5995.0,6573.0,6296.0,6130.0,10663.0,10600.0,9011.0,8826.0,9588.0,10160.0,10181.0,10648.0,10681.0,10404.0,10638.0,10184.0,8083.0,5371.0,6194.0,5882.0,32762.0,395.0,10545.0,10061.0,9697.0,9607.0,9862.0,10115.0,10055.0,10181.0,10208.0,10274.0,10265.0,6029.0,6114.0,6314.0,7159.0,32762.0,29.0,9755.0,10342.0,10364.0,9442.0,10019.0,10529.0,9771.0,9229.0,10106.0,10345.0,9618.0,10613.0,0.0,6530.0,6735.0,6682.0,10386.0,9758.0,10555.0,10273.0,10250.0,10182.0,9762.0,10193.0,10412.0,10114.0,10317.0,10637.0,10270.0,0.0,6686.0,6528.0,6374.0,10474.0,10297.0,9915.0,9871.0,10261.0,10648.0,10311.0,10096.0,10166.0,10446.0,10662.0,10837.0
MOD17A3HGF.A2018001.h10v09.006.2021364004127.Npp_500m,MOD17A3HGF,A2018001,Lat-3.834436Lon-73.31897Samp17Line17,2021364004127,12176.0,11588.0,32762.0,6622.0,6391.0,6549.0,6469.0,32762.0,32762.0,32762.0,32762.0,32762.0,12073.0,11829.0,12033.0,12217.0,10798.0,12259.0,11476.0,32762.0,6741.0,6302.0,6177.0,8003.0,6126.0,6417.0,6372.0,7391.0,11847.0,11439.0,11891.0,11273.0,11819.0,10768.0,12184.0,12155.0,32762.0,6661.0,6437.0,12328.0,2366.0,2201.0,6410.0,6260.0,11984.0,12069.0,12455.0,11774.0,12290.0,12224.0,10552.0,12544.0,12072.0,11565.0,6457.0,6955.0,6532.0,5958.0,5876.0,6444.0,11985.0,12462.0,12269.0,11956.0,11548.0,11810.0,11760.0,11193.0,12620.0,12315.0,11868.0,6394.0,6336.0,5789.0,5818.0,6626.0,6094.0,10564.0,10791.0,11957.0,12252.0,11469.0,12012.0,12277.0,12001.0,12528.0,12368.0,12053.0,12434.0,6338.0,6581.0,32762.0,9933.0,10669.0,9893.0,11154.0,11177.0,12273.0,12240.0,12032.0,12059.0,12257.0,6378.0,2002.0,11271.0,11118.0,6274.0,5909.0,32762.0,11661.0,32766.0,10010.0,9586.0,12082.0,12103.0,12079.0,11956.0,11826.0,12174.0,6504.0,6278.0,5946.0,6081.0,32762.0,6216.0,7175.0,12000.0,32766.0,32766.0,11077.0,11124.0,11466.0,12119.0,12074.0,12232.0,12190.0,6843.0,6494.0,6388.0,7014.0,32762.0,32762.0,32762.0,12639.0,12403.0,12319.0,12366.0,11640.0,12161.0,12267.0,12157.0,11864.0,11963.0,6883.0,6922.0,6606.0,7130.0,7488.0,32762.0,32762.0,12314.0,12557.0,12613.0,12376.0,11863.0,11891.0,12519.0,11830.0,11779.0,12018.0,12103.0,12140.0,5996.0,6615.0,8261.0,6528.0,12398.0,12071.0,11973.0,11978.0,11865.0,12101.0,12025.0,12367.0,11992.0,11905.0,11980.0,6454.0,6260.0,6298.0,6574.0,7018.0,6898.0,12422.0,11755.0,11846.0,11448.0,11598.0,12358.0,11805.0,11842.0,12119.0,11999.0,11598.0,6455.0,6790.0,6341.0,6206.0,6707.0,10365.0,8582.0,9271.0,11988.0,11627.0,11457.0,12003.0,11801.0,11671.0,11738.0,11687.0,11915.0,8351.0,6118.0,6686.0,6701.0,32762.0,3169.0,9671.0,10729.0,12118.0,11893.0,11788.0,11783.0,11760.0,11848.0,12049.0,12473.0,11629.0,6541.0,6666.0,6792.0,7767.0,32762.0,1858.0,11811.0,11855.0,12234.0,12612.0,11955.0,11802.0,11760.0,11178.0,11505.0,11645.0,11769.0,12047.0,1890.0,7122.0,7375.0,7186.0,12309.0,11988.0,12467.0,11892.0,12014.0,11383.0,11711.0,11701.0,11788.0,11957.0,11615.0,11848.0,12213.0,2546.0,7075.0,6862.0,6807.0,12235.0,11607.0,12052.0,11984.0,11975.0,12014.0,12411.0,12431.0,12027.0,12061.0,11647.0,11426.0
MOD17A3HGF.A2019001.h10v09.006.2021001044819.Npp_500m,MOD17A3HGF,A2019001,Lat-3.834436Lon-73.31897Samp17Line17,2021001044819,10845.0,10508.0,32762.0,5106.0,5571.0,5418.0,5875.0,32762.0,32762.0,32762.0,32762.0,32762.0,10392.0,10559.0,10957.0,10481.0,10445.0,10790.0,10564.0,32762.0,5303.0,5613.0,5380.0,7526.0,5425.0,5203.0,5742.0,6983.0,10971.0,9885.0,11235.0,10709.0,11044.0,10230.0,10939.0,11262.0,32762.0,5198.0,5508.0,10781.0,2350.0,3570.0,5706.0,5331.0,10658.0,11108.0,10331.0,10525.0,10437.0,10928.0,10954.0,10555.0,11346.0,11210.0,5472.0,5503.0,5527.0,5442.0,5700.0,6199.0,10347.0,10709.0,10533.0,10560.0,10446.0,11378.0,11478.0,9878.0,10673.0,10656.0,10945.0,5505.0,5346.0,5319.0,5301.0,6072.0,5566.0,10727.0,10747.0,10488.0,10560.0,10527.0,10542.0,11081.0,9549.0,11219.0,11330.0,11106.0,11007.0,5540.0,5442.0,32762.0,10997.0,11117.0,10935.0,10800.0,10575.0,10639.0,10399.0,11151.0,10939.0,10973.0,5666.0,3053.0,11236.0,10893.0,5362.0,5578.0,32762.0,10578.0,32766.0,10603.0,10788.0,11210.0,10560.0,11110.0,11136.0,10312.0,10186.0,5666.0,5616.0,5530.0,5638.0,32762.0,5472.0,6030.0,10666.0,32766.0,32766.0,10528.0,10319.0,10495.0,10573.0,10130.0,10165.0,10658.0,5522.0,5726.0,5744.0,5862.0,32762.0,32762.0,32762.0,11022.0,11181.0,11359.0,10940.0,10734.0,10469.0,10925.0,11095.0,10403.0,10541.0,5978.0,5991.0,5794.0,5919.0,5268.0,32762.0,32762.0,11154.0,11159.0,10897.0,10765.0,10415.0,10382.0,11582.0,11576.0,11552.0,11489.0,10065.0,10149.0,5597.0,5611.0,5943.0,5294.0,10671.0,10356.0,10671.0,10477.0,10889.0,11120.0,10448.0,11051.0,11306.0,11528.0,11577.0,5290.0,5676.0,5638.0,5408.0,5157.0,5294.0,10874.0,10298.0,10575.0,10758.0,10442.0,10364.0,10390.0,11592.0,11462.0,11458.0,9970.0,5634.0,5390.0,5898.0,5516.0,5684.0,11335.0,10961.0,10431.0,10307.0,10561.0,10385.0,10440.0,10621.0,11252.0,11379.0,11522.0,11450.0,7537.0,5734.0,5615.0,5454.0,32762.0,1678.0,10918.0,10523.0,10558.0,10561.0,10651.0,10646.0,10473.0,10349.0,10725.0,11463.0,10633.0,5518.0,5666.0,5454.0,6978.0,32762.0,760.0,10382.0,10123.0,10549.0,10638.0,10241.0,10260.0,10243.0,10434.0,11223.0,11293.0,11342.0,10986.0,1559.0,5858.0,5990.0,6161.0,11128.0,11075.0,10535.0,10062.0,10516.0,10375.0,10890.0,10184.0,10099.0,11265.0,10791.0,10395.0,10644.0,1194.0,5797.0,5950.0,5258.0,10775.0,11001.0,10485.0,10111.0,10692.0,10243.0,10199.0,10259.0,9908.0,10596.0,11172.0,10997.0
MOD17A3HGF.A2020001.h10v09.006.2021015033223.Npp_500m,MOD17A3HGF,A2020001,Lat-3.834436Lon-73.31897Samp17Line17,2021015033223,11591.0,11229.0,32762.0,6343.0,5872.0,5566.0,5475.0,32762.0,32762.0,32762.0,32762.0,32762.0,10156.0,11200.0,10958.0,10573.0,10674.0,11124.0,10772.0,32762.0,5964.0,6013.0,5898.0,8062.0,5826.0,5592.0,5396.0,6951.0,10391.0,10653.0,10974.0,10642.0,10483.0,10366.0,11025.0,10742.0,32762.0,5528.0,5534.0,10679.0,0.0,101.0,6190.0,5840.0,11232.0,10501.0,10612.0,10826.0,10583.0,10237.0,10545.0,11058.0,10829.0,11020.0,6330.0,5798.0,5752.0,6060.0,5738.0,5901.0,10921.0,10788.0,10846.0,11175.0,10964.0,10481.0,10394.0,10348.0,11223.0,10812.0,10710.0,5963.0,6030.0,6346.0,6181.0,6003.0,5370.0,11060.0,10408.0,10743.0,11015.0,10746.0,10635.0,10515.0,10853.0,11191.0,10759.0,10413.0,11002.0,5699.0,6244.0,32762.0,10826.0,10767.0,11058.0,10507.0,10830.0,11009.0,11039.0,10883.0,10751.0,10883.0,6376.0,0.0,10961.0,11215.0,6003.0,6205.0,32762.0,11407.0,32766.0,11016.0,10877.0,11140.0,11187.0,10967.0,10965.0,10734.0,10818.0,6020.0,6323.0,6014.0,5817.0,32762.0,5648.0,6886.0,11024.0,32766.0,32766.0,10969.0,10740.0,11027.0,10759.0,10708.0,10753.0,10901.0,5991.0,5752.0,5850.0,5579.0,32762.0,32762.0,32762.0,11584.0,10940.0,10965.0,10637.0,10652.0,11073.0,10535.0,10789.0,10704.0,10655.0,5867.0,5903.0,6138.0,6038.0,6119.0,32762.0,32762.0,10730.0,10746.0,10757.0,11090.0,11143.0,10911.0,10811.0,10659.0,10590.0,10531.0,10801.0,10911.0,6013.0,5946.0,7180.0,5989.0,11180.0,10491.0,10393.0,10477.0,10973.0,10765.0,10903.0,11063.0,10907.0,10905.0,10643.0,5447.0,5131.0,5814.0,6193.0,6190.0,6017.0,10952.0,10553.0,10469.0,10690.0,11142.0,11234.0,11067.0,10889.0,11028.0,10793.0,10721.0,6277.0,6130.0,6059.0,6078.0,6222.0,11205.0,11075.0,10290.0,10501.0,10603.0,11248.0,11004.0,10148.0,10497.0,10672.0,10881.0,10818.0,7975.0,6445.0,6237.0,6115.0,32762.0,1257.0,11282.0,10863.0,10712.0,10049.0,10635.0,10442.0,10663.0,10346.0,10691.0,10616.0,10544.0,6417.0,6359.0,6284.0,7101.0,32762.0,582.0,10586.0,10554.0,10583.0,10523.0,10583.0,10474.0,10471.0,10425.0,10917.0,10594.0,10573.0,11134.0,0.0,5806.0,5885.0,6371.0,10766.0,10660.0,10755.0,10943.0,10867.0,11022.0,10869.0,10481.0,10679.0,10657.0,10655.0,10682.0,11000.0,0.0,5973.0,6224.0,6086.0,10809.0,10401.0,10609.0,10641.0,10598.0,10734.0,10606.0,10453.0,10615.0,10854.0,10687.0,10675.0
MOD17A3HGF.A2021001.h10v09.006.2022020140722.Npp_500m,MOD17A3HGF,A2021001,Lat-3.834436Lon-73.31897Samp17Line17,2022020140722,10909.0,10788.0,32762.0,6000.0,6006.0,5803.0,5896.0,32762.0,32762.0,32762.0,32762.0,32762.0,11393.0,11442.0,10500.0,10389.0,10195.0,10918.0,10929.0,32762.0,6372.0,6368.0,6180.0,7434.0,6070.0,5965.0,6197.0,7445.0,11052.0,11011.0,10779.0,10876.0,10316.0,10200.0,10625.0,10249.0,32762.0,6171.0,6126.0,10416.0,803.0,1374.0,6212.0,6314.0,10711.0,10629.0,10437.0,10518.0,10813.0,10553.0,10967.0,10612.0,10918.0,10930.0,6338.0,6367.0,5950.0,6009.0,6014.0,6325.0,10863.0,10633.0,10350.0,10333.0,10345.0,10409.0,10073.0,10160.0,10564.0,10114.0,10712.0,5822.0,6110.0,6339.0,6254.0,6222.0,6056.0,10830.0,10808.0,10102.0,10272.0,10361.0,9963.0,10057.0,10225.0,11208.0,10794.0,11139.0,11219.0,5973.0,6238.0,32762.0,11636.0,10963.0,11166.0,10837.0,10621.0,10574.0,10871.0,10587.0,10800.0,10235.0,6248.0,1152.0,10846.0,11053.0,5946.0,6134.0,32762.0,11394.0,32766.0,10919.0,10735.0,10782.0,10496.0,10485.0,10246.0,10662.0,10050.0,6174.0,6557.0,6189.0,5847.0,32762.0,5731.0,6912.0,11123.0,32766.0,32766.0,10800.0,10188.0,10849.0,10947.0,10335.0,10487.0,11074.0,6234.0,6266.0,5886.0,5862.0,32762.0,32762.0,32762.0,10864.0,10551.0,10414.0,10713.0,10710.0,10813.0,10654.0,10938.0,10341.0,10828.0,6046.0,6056.0,5916.0,6002.0,6247.0,32762.0,32762.0,10504.0,10344.0,10097.0,11038.0,10562.0,10825.0,10554.0,10965.0,11012.0,11017.0,10666.0,10824.0,6052.0,6234.0,7158.0,6162.0,10644.0,10896.0,10935.0,10422.0,10649.0,10025.0,10630.0,10607.0,10833.0,10508.0,10481.0,5908.0,5870.0,6217.0,6253.0,6219.0,6285.0,10744.0,10560.0,10150.0,10040.0,9905.0,9856.0,10585.0,10794.0,10984.0,9933.0,10535.0,5921.0,6203.0,6412.0,6507.0,6502.0,11055.0,10573.0,10518.0,10200.0,10221.0,10575.0,10793.0,10420.0,11001.0,10964.0,10040.0,10324.0,7881.0,6306.0,6238.0,6310.0,32762.0,1011.0,10885.0,10349.0,10213.0,10295.0,10459.0,10251.0,10084.0,10310.0,10526.0,10921.0,11012.0,6158.0,6326.0,6154.0,7340.0,32762.0,3090.0,10830.0,10627.0,10467.0,10493.0,10567.0,10239.0,10546.0,10658.0,10597.0,11316.0,10989.0,10880.0,362.0,6305.0,6071.0,6258.0,10466.0,10617.0,10163.0,10453.0,10567.0,10285.0,10029.0,10677.0,10616.0,10205.0,10478.0,10290.0,10196.0,1248.0,6329.0,6234.0,6101.0,10268.0,10609.0,10195.0,10940.0,10799.0,10351.0,10163.0,10960.0,10300.0,10233.0,10346.0,10447.0
MOD17A3HGF.A2022001.h10v09.006.2023035051935.Npp_500m,MOD17A3HGF,A2022001,Lat-3.834436Lon-73.31897Samp17Line17,2023035051935,11123.0,11377.0,32762.0,6594.0,5868.0,6204.0,6228.0,32762.0,32762.0,32762.0,32762.0,32762.0,11518.0,11077.0,11313.0,11056.0,10680.0,11133.0,11067.0,32762.0,6483.0,6159.0,5919.0,7693.0,6255.0,6211.0,5951.0,6938.0,11626.0,11354.0,11456.0,10944.0,11012.0,10472.0,11270.0,11445.0,32762.0,6140.0,5927.0,11533.0,1422.0,1290.0,6495.0,6223.0,11652.0,11455.0,11330.0,11256.0,11385.0,11398.0,11104.0,11311.0,11423.0,11503.0,6554.0,6401.0,6381.0,6395.0,6350.0,6796.0,11298.0,11477.0,11442.0,11244.0,11348.0,11379.0,11377.0,11169.0,11147.0,11108.0,11394.0,6305.0,6302.0,6537.0,6662.0,6926.0,6732.0,11068.0,11049.0,11299.0,11319.0,11354.0,11046.0,10935.0,11059.0,11713.0,11369.0,11016.0,11178.0,6186.0,6596.0,32762.0,11576.0,11231.0,11308.0,11440.0,11340.0,11467.0,11471.0,11025.0,10827.0,11104.0,6464.0,2359.0,11414.0,12040.0,6029.0,5937.0,32762.0,11908.0,32766.0,11389.0,11251.0,11034.0,11305.0,11294.0,11021.0,11132.0,11252.0,5884.0,5878.0,6254.0,6078.0,32762.0,6231.0,7285.0,11464.0,32766.0,32766.0,11272.0,10924.0,11054.0,11247.0,11024.0,10978.0,11146.0,5879.0,5746.0,6406.0,6213.0,32762.0,32762.0,32762.0,11506.0,10999.0,11712.0,11200.0,10954.0,11346.0,11085.0,10981.0,10789.0,10942.0,5687.0,5777.0,5810.0,6284.0,6311.0,32762.0,32762.0,11242.0,10708.0,11159.0,11180.0,11375.0,11594.0,11390.0,10974.0,10989.0,10879.0,11224.0,11409.0,6056.0,6462.0,7325.0,6502.0,11665.0,11276.0,10625.0,10827.0,11083.0,11338.0,11632.0,11396.0,11346.0,11056.0,11417.0,5891.0,5723.0,6043.0,6188.0,6038.0,5452.0,11607.0,11079.0,10992.0,10620.0,11001.0,11347.0,11355.0,11195.0,11282.0,11118.0,10897.0,6115.0,6065.0,6959.0,6909.0,6312.0,11649.0,11555.0,10997.0,10963.0,11102.0,11016.0,10991.0,10970.0,10889.0,11093.0,11403.0,11511.0,8383.0,6592.0,6351.0,6607.0,32762.0,3133.0,11378.0,11059.0,10646.0,10818.0,10866.0,10970.0,10849.0,11154.0,11457.0,11227.0,11385.0,6301.0,6003.0,6772.0,7775.0,32762.0,1090.0,11434.0,11300.0,10828.0,10820.0,10718.0,10958.0,10972.0,11014.0,11026.0,11209.0,11474.0,11406.0,1522.0,6143.0,6354.0,6450.0,11350.0,11174.0,11047.0,10267.0,10981.0,10989.0,10767.0,10811.0,10809.0,10623.0,10838.0,11327.0,10900.0,453.0,6479.0,6814.0,6345.0,10947.0,11048.0,11351.0,10614.0,10971.0,10913.0,11232.0,11039.0,10928.0,10914.0,11279.0,11325.0
MOD17A3HGF.A2023001.h10v09.006.2024021044836.Npp_500m,MOD17A3HGF,A2023001,Lat-3.834436Lon-73.31897Samp17Line17,2024021044836,12695.0,12906.0,32762.0,7329.0,7631.0,6878.0,6972.0,32762.0,32762.0,32762.0,32762.0,32762.0,12119.0,12884.0,12426.0,11831.0,12500.0,12593.0,12470.0,32762.0,7412.0,7446.0,7053.0,7770.0,6785.0,6929.0,5979.0,6490.0,13070.0,11957.0,12540.0,11738.0,12501.0,12168.0,11881.0,12785.0,32762.0,7198.0,7114.0,12440.0,2245.0,2873.0,6686.0,6602.0,12521.0,12595.0,12465.0,12297.0,12394.0,12620.0,12606.0,12367.0,12738.0,12608.0,7358.0,7254.0,6811.0,6880.0,7038.0,7164.0,12427.0,12159.0,12427.0,12664.0,12207.0,12088.0,12693.0,12652.0,12907.0,12650.0,12470.0,7271.0,7328.0,7426.0,7310.0,7278.0,6813.0,12332.0,12512.0,12530.0,12615.0,12645.0,12320.0,12901.0,12645.0,13114.0,12552.0,12285.0,12357.0,7076.0,7367.0,32762.0,12602.0,12527.0,12268.0,12251.0,12555.0,12756.0,12802.0,12053.0,12544.0,12425.0,7033.0,3209.0,12685.0,12748.0,7413.0,7499.0,32762.0,13371.0,32766.0,11702.0,11683.0,12315.0,12143.0,12627.0,12335.0,12391.0,12731.0,7641.0,7302.0,7394.0,7350.0,32762.0,7345.0,7710.0,12511.0,32766.0,32766.0,12040.0,12179.0,12540.0,12761.0,12456.0,12504.0,12240.0,7226.0,7150.0,6623.0,6764.0,32762.0,32762.0,32762.0,12617.0,12236.0,12210.0,11842.0,12526.0,12644.0,12765.0,12408.0,12364.0,12026.0,7302.0,7099.0,7223.0,6977.0,6776.0,32762.0,32762.0,12661.0,12534.0,12382.0,13209.0,12522.0,12704.0,12278.0,12517.0,12602.0,12649.0,12464.0,12481.0,7283.0,7025.0,6700.0,7584.0,12618.0,12731.0,12386.0,12158.0,12483.0,12310.0,12041.0,11759.0,12155.0,12364.0,12565.0,7150.0,7128.0,7385.0,7678.0,7256.0,7102.0,12213.0,12370.0,12101.0,12524.0,11929.0,12487.0,11934.0,11393.0,11444.0,12205.0,12182.0,7130.0,7057.0,7493.0,7607.0,7336.0,12394.0,12080.0,12248.0,12255.0,12598.0,12322.0,12519.0,12030.0,12201.0,12581.0,11800.0,12342.0,8802.0,7009.0,7438.0,7647.0,32762.0,1862.0,12218.0,12204.0,12087.0,12502.0,12450.0,12291.0,11785.0,12108.0,12378.0,12007.0,12663.0,7243.0,7078.0,7482.0,7891.0,32762.0,1590.0,12140.0,12517.0,12499.0,12730.0,12519.0,12552.0,12697.0,12488.0,12187.0,11895.0,12527.0,12460.0,2610.0,7511.0,7670.0,7662.0,12461.0,12286.0,12053.0,12441.0,11900.0,12262.0,12573.0,12292.0,12793.0,12358.0,12176.0,12955.0,12083.0,2909.0,7470.0,7680.0,7207.0,12125.0,12113.0,11860.0,11731.0,11887.0,12078.0,12818.0,12090.0,11958.0,12277.0,12666.0,12383.0
