index,GPP
2002-01-01,8.29895
2002-01-02,9.79539
2002-01-03,2.62967
2002-01-04,5.98251
2002-01-05,6.46951
2002-01-06,3.61077
2002-01-07,5.92248
2002-01-08,8.51055
2002-01-09,10.3446
2002-01-10,9.6833
2002-01-11,9.35918
2002-01-12,10.3963
2002-01-13,8.57017
2002-01-14,9.64594
2002-01-15,9.02752
2002-01-16,4.66773
2002-01-17,10.3427
2002-01-18,9.24952
2002-01-19,8.3421
2002-01-20,1.86011
2002-01-21,8.90323
2002-01-22,8.56546
2002-01-23,9.37588
2002-01-24,10.0975
2002-01-25,9.68672
2002-01-26,10.1402
2002-01-27,10.9966
2002-01-28,10.9345
2002-01-29,10.0883
2002-01-30,9.55944
2002-01-31,6.46753
2002-02-01,8.62452
2002-02-02,9.38344
2002-02-03,9.52271
2002-02-04,9.56553
2002-02-05,9.75705
2002-02-06,9.92136
2002-02-07,10.3478
2002-02-08,5.83189
2002-02-09,8.26765
2002-02-10,9.50483
2002-02-11,7.79821
2002-02-12,10.145
2002-02-13,11.8167
2002-02-14,11.0302
2002-02-15,10.3876
2002-02-16,9.67299
2002-02-17,9.16874
2002-02-18,8.55879
2002-02-19,7.77833
2002-02-20,5.82189
2002-02-21,7.21487
2002-02-22,8.15589
2002-02-23,7.38843
2002-02-24,6.02166
2002-02-25,5.66256
2002-02-26,5.57713
2002-02-27,7.48683
2002-02-28,8.37458
2002-03-01,8.09469
2002-03-02,7.20117
2002-03-03,5.41565
2002-03-04,5.98436
2002-03-05,9.20254
2002-03-06,9.38366
2002-03-07,9.11183
2002-03-08,10.2294
2002-03-09,10.9079
2002-03-10,11.0832
2002-03-11,7.64171
2002-03-12,11.299
2002-03-13,9.03778
2002-03-14,9.46917
2002-03-15,10.338
2002-03-16,8.07352
2002-03-17,9.66507
2002-03-18,9.83758
2002-03-19,8.16627
2002-03-20,8.91024
2002-03-21,7.10115
2002-03-22,5.29378
2002-03-23,12.7007
2002-03-24,14.3695
2002-03-25,15.7758
2002-03-26,15.1123
2002-03-27,12.3883
2002-03-28,14.3252
2002-03-29,7.77746
2002-03-30,11.4072
2002-03-31,6.68821
2002-04-01,11.6735
2002-04-02,6.47471
2002-04-03,10.7539
2002-04-04,7.83653
2002-04-05,6.51291
2002-04-06,7.58062
2002-04-07,9.55545
2002-04-08,10.7836
2002-04-09,10.6968
2002-04-10,5.54331
2002-04-11,11.2784
2002-04-12,11.3752
2002-04-13,10.7673
2002-04-14,10.1306
2002-04-15,8.34881
2002-04-16,9.70632
2002-04-17,8.27935
2002-04-18,9.16385
2002-04-19,9.73587
2002-04-20,8.60004
2002-04-21,9.78047
2002-04-22,9.36088
2002-04-23,8.45613
2002-04-24,9.83018
2002-04-25,9.01293
2002-04-26,9.99553
2002-04-27,7.2976
2002-04-28,11.5748
2002-04-29,11.3722
2002-04-30,10.9188
2002-05-01,10.3915
2002-05-02,10.2406
2002-05-03,10.0594
2002-05-04,9.85768
2002-05-05,8.89244
2002-05-06,10.078
2002-05-07,8.41768
2002-05-08,7.9648
2002-05-09,10.1726
2002-05-10,9.17625
2002-05-11,9.48607
2002-05-12,7.99195
2002-05-13,8.17952
2002-05-14,10.9432
2002-05-15,12.2769
2002-05-16,10.77
2002-05-17,10.4968
2002-05-18,10.8524
2002-05-19,8.11093
2002-05-20,9.51498
2002-05-21,10.1942
2002-05-22,10.353
2002-05-23,8.49752
2002-05-24,7.57921
2002-05-25,9.72872
2002-05-26,9.73586
2002-05-27,7.17858
2002-05-28,6.53179
2002-05-29,7.12638
2002-05-30,8.13215
2002-05-31,9.03193
2002-06-01,8.00883
2002-06-02,8.20271
2002-06-03,8.42943
2002-06-04,8.7765
2002-06-05,10.6294
2002-06-06,9.91694
2002-06-07,8.904
2002-06-08,10.3915
2002-06-09,13.5829
2002-06-10,12.0692
2002-06-11,11.7032
2002-06-12,11.5083
2002-06-13,8.91457
2002-06-14,8.5194
2002-06-15,7.72787
2002-06-16,4.65104
2002-06-17,6.44092
2002-06-18,7.24289
2002-06-19,9.83881
2002-06-20,11.2018
2002-06-21,11.0283
2002-06-22,10.9102
2002-06-23,8.56943
2002-06-24,7.88075
2002-06-25,6.75695
2002-06-26,7.58095
2002-06-27,7.81289
2002-06-28,8.94099
2002-06-29,11.6497
2002-06-30,10.9041
2002-07-01,11.6546
2002-07-02,10.5948
2002-07-03,10.9259
2002-07-04,10.8533
2002-07-05,12.4916
2002-07-06,11.2601
2002-07-07,11.3069
2002-07-08,9.76674
2002-07-09,8.7742
2002-07-10,8.24994
2002-07-11,6.62372
2002-07-12,8.31117
2002-07-13,7.55019
2002-07-14,7.63725
2002-07-15,7.76889
2002-07-16,8.51798
2002-07-17,9.00506
2002-07-18,11.0449
2002-07-19,12.3459
2002-07-20,12.536
2002-07-21,10.1324
2002-07-22,8.52982
2002-07-23,9.22733
2002-07-24,7.58893
2002-07-25,7.42711
2002-07-26,6.99693
2002-07-27,5.69399
2002-07-28,6.79981
2002-07-29,6.40909
2002-07-30,7.33606
2002-07-31,8.15157
2002-08-01,7.03023
2002-08-02,9.63034
2002-08-03,10.4161
2002-08-04,10.0158
2002-08-05,9.23234
2002-08-06,7.32746
2002-08-07,7.15884
2002-08-08,6.07014
2002-08-09,6.21901
2002-08-10,7.87344
2002-08-11,8.71233
2002-08-12,8.23044
2002-08-13,8.90407
2002-08-14,8.51257
2002-08-15,8.5888
2002-08-16,9.1709
2002-08-17,9.29917
2002-08-18,9.89224
2002-08-19,9.70485
2002-08-20,9.06977
2002-08-21,7.67977
2002-08-22,5.83883
2002-08-23,5.99014
2002-08-24,8.93259
2002-08-25,8.46453
2002-08-26,8.27792
2002-08-27,8.64172
2002-08-28,7.50627
2002-08-29,7.51703
2002-08-30,8.58971
2002-08-31,9.01149
2002-09-01,8.55037
2002-09-02,8.85364
2002-09-03,8.32427
2002-09-04,7.96696
2002-09-05,7.05719
2002-09-06,7.97909
2002-09-07,8.32507
2002-09-08,8.06022
2002-09-09,8.12903
2002-09-10,9.57543
2002-09-11,11.2903
2002-09-12,10.6153
2002-09-13,8.42574
2002-09-14,7.25189
2002-09-15,6.81883
2002-09-16,7.07692
2002-09-17,6.99347
2002-09-18,8.20208
2002-09-19,8.55776
2002-09-20,8.76247
2002-09-21,9.75289
2002-09-22,10.5327
2002-09-23,9.38143
2002-09-24,9.26876
2002-09-25,9.06627
2002-09-26,8.72881
2002-09-27,8.19063
2002-09-28,9.1836
2002-09-29,9.5466
2002-09-30,9.26847
2002-10-01,8.05592
2002-10-02,8.34961
2002-10-03,8.33533
2002-10-04,8.1815
2002-10-05,9.52739
2002-10-06,9.51008
2002-10-07,9.80168
2002-10-08,10.8197
2002-10-09,11.3997
2002-10-10,11.0358
2002-10-11,11.7349
2002-10-12,10.8792
2002-10-13,10.9881
2002-10-14,11.0019
2002-10-15,12.6645
2002-10-16,12.5631
2002-10-17,11.0597
2002-10-18,11.462
2002-10-19,10.768
2002-10-20,12.4285
2002-10-21,13.7026
2002-10-22,14.3034
2002-10-23,13.3505
2002-10-24,12.6902
2002-10-25,12.7234
2002-10-26,11.8072
2002-10-27,13.3274
2002-10-28,13.7155
2002-10-29,13.1065
2002-10-30,13.5265
2002-10-31,11.7957
2002-11-01,11.4562
2002-11-02,9.23396
2002-11-03,3.5058
2002-11-04,7.34053
2002-11-05,6.74312
2002-11-06,7.80547
2002-11-07,9.33844
2002-11-08,4.36741
2002-11-09,4.71777
2002-11-10,13.5525
2002-11-11,13.6897
2002-11-12,10.9175
2002-11-13,9.64649
2002-11-14,9.61564
2002-11-15,10.1043
2002-11-16,10.4238
2002-11-17,10.6656
2002-11-18,10.6198
2002-11-19,11.9598
2002-11-20,12.2725
2002-11-21,13.1201
2002-11-22,13.5489
2002-11-23,12.8201
2002-11-24,11.3019
2002-11-25,10.8693
2002-11-26,10.1431
2002-11-27,10.1133
2002-11-28,10.7274
2002-11-29,10.9114
2002-11-30,10.9741
2002-12-01,10.5459
2002-12-02,10.9169
2002-12-03,10.1806
2002-12-04,10.5417
2002-12-05,10.9932
2002-12-06,10.6007
2002-12-07,10.1757
2002-12-08,8.88283
2002-12-09,9.1861
2002-12-10,4.47746
2002-12-11,10.9483
2002-12-12,11.8729
2002-12-13,13.8345
2002-12-14,12.347
2002-12-15,11.8626
2002-12-16,11.3915
2002-12-17,12.0592
2002-12-18,11.1567
2002-12-19,10.0006
2002-12-20,13.3333
2002-12-21,11.4283
2002-12-22,11.9288
2002-12-23,10.2511
2002-12-24,11.6622
2002-12-25,11.2402
2002-12-26,10.1212
2002-12-27,11.1524
2002-12-28,10.8873
2002-12-29,9.92845
2002-12-30,10.174
2002-12-31,10.6314
2003-01-01,10.9545
2003-01-02,11.8949
2003-01-03,9.86541
2003-01-04,9.26036
2003-01-05,8.93162
2003-01-06,9.56946
2003-01-07,9.35382
2003-01-08,8.58886
2003-01-09,8.4897
2003-01-10,6.52787
2003-01-11,6.27465
2003-01-12,4.2459
2003-01-13,6.34384
2003-01-14,8.64607
2003-01-15,9.37933
2003-01-16,10.5892
2003-01-17,10.1763
2003-01-18,9.26066
2003-01-19,9.29026
2003-01-20,8.93871
2003-01-21,9.35109
2003-01-22,9.35407
2003-01-23,10.7011
2003-01-24,12.358
2003-01-25,13.2035
2003-01-26,11.4033
2003-01-27,13.0462
2003-01-28,11.1605
2003-01-29,10.3897
2003-01-30,11.2599
2003-01-31,10.6582
2003-02-01,10.2049
2003-02-02,9.81851
2003-02-03,10.1686
2003-02-04,9.15214
2003-02-05,9.55185
2003-02-06,10.0369
2003-02-07,9.89831
2003-02-08,10.268
2003-02-09,9.71704
2003-02-10,10.0586
2003-02-11,12.1907
2003-02-12,13.3105
2003-02-13,9.04888
2003-02-14,12.1383
2003-02-15,11.3298
2003-02-16,8.4974
2003-02-17,9.24716
2003-02-18,11.4975
2003-02-19,10.0443
2003-02-20,12.6625
2003-02-21,11.4669
2003-02-22,10.9992
2003-02-23,13.4071
2003-02-24,9.8875
2003-02-25,13.1198
2003-02-26,4.27167
2003-02-27,11.3218
2003-02-28,7.47754
2003-03-01,8.64908
2003-03-02,12.0484
2003-03-03,8.55343
2003-03-04,12.4055
2003-03-05,12.6641
2003-03-06,11.3838
2003-03-07,9.72474
2003-03-08,12.1925
2003-03-09,10.5003
2003-03-10,11.3432
2003-03-11,11.5335
2003-03-12,11.7045
2003-03-13,12.8424
2003-03-14,8.60118
2003-03-15,8.33547
2003-03-16,11.3622
2003-03-17,11.1098
2003-03-18,10.6277
2003-03-19,13.9347
2003-03-20,13.8213
2003-03-21,10.3631
2003-03-22,10.9667
2003-03-23,12.9363
2003-03-24,12.0643
2003-03-25,5.58401
2003-03-26,10.4469
2003-03-27,8.86597
2003-03-28,9.48369
2003-03-29,8.36729
2003-03-30,12.4477
2003-03-31,11.4013
2003-04-01,5.47088
2003-04-02,10.0534
2003-04-03,13.098
2003-04-04,14.445
2003-04-05,13.1684
2003-04-06,11.4045
2003-04-07,12.6572
2003-04-08,13.18
2003-04-09,12.6083
2003-04-10,11.6043
2003-04-11,11.1377
2003-04-12,11.0625
2003-04-13,8.25923
2003-04-14,9.02661
2003-04-15,5.56873
2003-04-16,10.2669
2003-04-17,9.57804
2003-04-18,9.70452
2003-04-19,8.62621
2003-04-20,7.99954
2003-04-21,9.94519
2003-04-22,10.7351
2003-04-23,7.96252
2003-04-24,8.59321
2003-04-25,6.86917
2003-04-26,10.3093
2003-04-27,11.894
2003-04-28,9.29265
2003-04-29,13.0607
2003-04-30,12.517
2003-05-01,9.03111
2003-05-02,10.4984
2003-05-03,9.38898
2003-05-04,9.63631
2003-05-05,10.1842
2003-05-06,10.3204
2003-05-07,12.6525
2003-05-08,14.4588
2003-05-09,11.8117
2003-05-10,11.411
2003-05-11,12.7631
2003-05-12,12.272
2003-05-13,11.1627
2003-05-14,12.5969
2003-05-15,13.3134
2003-05-16,11.9992
2003-05-17,9.23506
2003-05-18,8.06167
2003-05-19,9.83434
2003-05-20,8.50174
2003-05-21,7.32866
2003-05-22,9.19258
2003-05-23,8.60514
2003-05-24,9.66924
2003-05-25,11.3853
2003-05-26,11.6492
2003-05-27,6.88253
2003-05-28,6.36497
2003-05-29,11.2255
2003-05-30,8.89746
2003-05-31,6.58978
2003-06-01,8.72961
2003-06-02,6.47784
2003-06-03,5.53999
2003-06-04,9.73854
2003-06-05,11.2311
2003-06-06,8.94558
2003-06-07,9.63029
2003-06-08,7.69112
2003-06-09,4.4429
2003-06-10,8.0067
2003-06-11,9.38663
2003-06-12,8.95836
2003-06-13,10.1491
2003-06-14,10.7853
2003-06-15,12.0617
2003-06-16,11.9847
2003-06-17,11.6837
2003-06-18,11.8812
2003-06-19,13.6302
2003-06-20,14.0547
2003-06-21,7.74389
2003-06-22,11.7486
2003-06-23,10.6721
2003-06-24,8.22696
2003-06-25,9.24343
2003-06-26,9.15067
2003-06-27,7.52617
2003-06-28,7.04884
2003-06-29,6.39317
2003-06-30,6.57
2003-07-01,7.85776
2003-07-02,6.72869
2003-07-03,5.99775
2003-07-04,7.51561
2003-07-05,9.32365
2003-07-06,10.2715
2003-07-07,13.0074
2003-07-08,12.3939
2003-07-09,8.03289
2003-07-10,8.03779
2003-07-11,6.43403
2003-07-12,6.50157
2003-07-13,9.99253
2003-07-14,8.33081
2003-07-15,9.40381
2003-07-16,10.5812
2003-07-17,7.75863
2003-07-18,7.34316
2003-07-19,7.30885
2003-07-20,6.82621
2003-07-21,7.04908
2003-07-22,7.36506
2003-07-23,7.19678
2003-07-24,8.016
2003-07-25,9.76871
2003-07-26,9.56775
2003-07-27,10.1814
2003-07-28,6.62798
2003-07-29,6.92072
2003-07-30,9.11463
2003-07-31,9.45722
2003-08-01,8.78296
2003-08-02,8.69457
2003-08-03,8.91584
2003-08-04,8.01383
2003-08-05,8.29683
2003-08-06,9.19241
2003-08-07,9.62644
2003-08-08,9.98376
2003-08-09,9.67609
2003-08-10,10.3429
2003-08-11,7.611
2003-08-12,5.80942
2003-08-13,7.20267
2003-08-14,7.30975
2003-08-15,7.3353
2003-08-16,7.94554
2003-08-17,8.70231
2003-08-18,8.11412
2003-08-19,6.32044
2003-08-20,7.55934
2003-08-21,7.55913
2003-08-22,6.63504
2003-08-23,5.66995
2003-08-24,5.36621
2003-08-25,7.4065
2003-08-26,7.577
2003-08-27,7.80554
2003-08-28,8.09234
2003-08-29,10.9763
2003-08-30,10.13
2003-08-31,7.49284
2003-09-01,7.72709
2003-09-02,10.592
2003-09-03,10.9301
2003-09-04,10.9491
2003-09-05,10.3445
2003-09-06,11.4718
2003-09-07,9.4835
2003-09-08,11.2902
2003-09-09,11.4644
2003-09-10,11.8696
2003-09-11,9.66576
2003-09-12,8.57746
2003-09-13,10.1595
2003-09-14,10.1456
2003-09-15,9.99198
2003-09-16,11.3501
2003-09-17,9.29249
2003-09-18,10.9699
2003-09-19,11.0815
2003-09-20,10.2014
2003-09-21,9.68873
2003-09-22,10.1986
2003-09-23,9.15714
2003-09-24,8.1119
2003-09-25,7.69064
2003-09-26,9.08759
2003-09-27,7.07599
2003-09-28,9.52387
2003-09-29,8.72298
2003-09-30,9.04949
2003-10-01,9.23444
2003-10-02,9.03512
2003-10-03,10.8599
2003-10-04,11.5812
2003-10-05,11.0347
2003-10-06,11.5195
2003-10-07,12.0479
2003-10-08,12.1362
2003-10-09,11.469
2003-10-10,9.89708
2003-10-11,8.50721
2003-10-12,8.74759
2003-10-13,9.78205
2003-10-14,8.3708
2003-10-15,7.5583
2003-10-16,12.3223
2003-10-17,6.09153
2003-10-18,12.0751
2003-10-19,11.5075
2003-10-20,11.0824
2003-10-21,10.6514
2003-10-22,10.492
2003-10-23,8.76104
2003-10-24,8.80495
2003-10-25,9.40698
2003-10-26,10.363
2003-10-27,11.3921
2003-10-28,13.108
2003-10-29,13.6795
2003-10-30,13.3598
2003-10-31,13.9517
2003-11-01,15.6383
2003-11-02,14.3183
2003-11-03,12.6976
2003-11-04,11.4967
2003-11-05,7.02446
2003-11-06,10.8172
2003-11-07,10.8021
2003-11-08,9.42466
2003-11-09,7.58049
2003-11-10,11.2453
2003-11-11,11.3766
2003-11-12,11.3896
2003-11-13,9.53689
2003-11-14,10.5746
2003-11-15,10.7848
2003-11-16,10.2367
2003-11-17,8.60423
2003-11-18,11.2352
2003-11-19,11.0651
2003-11-20,12.0773
2003-11-21,11.2839
2003-11-22,12.0973
2003-11-23,11.2366
2003-11-24,11.2161
2003-11-25,11.0063
2003-11-26,10.9083
2003-11-27,11.2912
2003-11-28,11.2295
2003-11-29,10.6798
2003-11-30,9.85005
2003-12-01,9.40468
2003-12-02,9.899
2003-12-03,10.826
2003-12-04,10.5867
2003-12-05,10.3133
2003-12-06,9.76254
2003-12-07,10.2818
2003-12-08,9.60102
2003-12-09,8.86331
2003-12-10,10.2966
2003-12-11,10.1231
2003-12-12,11.1848
2003-12-13,9.9137
2003-12-14,11.6183
2003-12-15,11.2434
2003-12-16,12.0279
2003-12-17,11.5676
2003-12-18,10.9132
2003-12-19,9.62288
2003-12-20,9.69535
2003-12-21,9.04622
2003-12-22,8.89569
2003-12-23,8.20159
2003-12-24,8.36747
2003-12-25,9.39564
2003-12-26,10.751
2003-12-27,10.2236
2003-12-28,10.0303
2003-12-29,10.1638
2003-12-30,10.9871
2003-12-31,11.6778
2004-01-01,8.37624
2004-01-02,10.9753
2004-01-03,9.99334
2004-01-04,9.85784
2004-01-05,9.88844
2004-01-06,9.9627
2004-01-07,10.8986
2004-01-08,13.7269
2004-01-09,11.8095
2004-01-10,11.3778
2004-01-11,10.9052
2004-01-12,9.82325
2004-01-13,5.62765
2004-01-14,12.0285
2004-01-15,12.8588
2004-01-16,12.0129
2004-01-17,7.10654
2004-01-18,12.3883
2004-01-19,12.1272
2004-01-20,8.62647
2004-01-21,14.6949
2004-01-22,14.4045
2004-01-23,11.6372
2004-01-24,9.52096
2004-01-25,10.9938
2004-01-26,10.7323
2004-01-27,11.4892
2004-01-28,9.33418
2004-01-29,7.30131
2004-01-30,10.789
2004-01-31,12.3821
2004-02-01,12.2113
2004-02-02,12.8981
2004-02-03,11.6475
2004-02-04,9.90385
2004-02-05,9.12198
2004-02-06,9.37826
2004-02-07,6.10224
2004-02-08,7.12153
2004-02-09,10.8186
2004-02-10,12.4432
2004-02-11,11.9519
2004-02-12,8.95096
2004-02-13,8.97252
2004-02-14,13.4064
2004-02-15,14.4166
2004-02-16,12.3777
2004-02-17,10.8595
2004-02-18,9.63808
2004-02-19,7.71322
2004-02-20,12.6034
2004-02-21,9.80339
2004-02-22,9.66528
2004-02-23,10.473
2004-02-24,11.098
2004-02-25,5.33855
2004-02-26,14.4256
2004-02-27,15.4751
2004-02-28,13.3944
2004-02-29,15.1917
2004-03-01,13.2716
2004-03-02,9.02874
2004-03-03,11.6739
2004-03-04,10.9721
2004-03-05,13.1209
2004-03-06,9.62812
2004-03-07,12.6136
2004-03-08,9.94316
2004-03-09,5.78929
2004-03-10,11.3102
2004-03-11,9.94725
2004-03-12,9.52019
2004-03-13,11.0887
2004-03-14,11.7848
2004-03-15,12.4814
2004-03-16,11.6094
2004-03-17,10.0706
2004-03-18,10.4925
2004-03-19,9.68698
2004-03-20,10.4984
2004-03-21,11.2308
2004-03-22,10.2949
2004-03-23,10.4789
2004-03-24,10.0694
2004-03-25,7.31385
2004-03-26,11.2074
2004-03-27,11.5066
2004-03-28,7.85477
2004-03-29,11.3503
2004-03-30,13.2968
2004-03-31,12.1229
2004-04-01,10.6564
2004-04-02,8.78835
2004-04-03,8.90606
2004-04-04,7.74738
2004-04-05,7.49489
2004-04-06,7.92437
2004-04-07,6.12421
2004-04-08,9.39596
2004-04-09,9.64217
2004-04-10,6.3784
2004-04-11,7.49971
2004-04-12,4.57551
2004-04-13,8.39874
2004-04-14,6.57991
2004-04-15,2.92992
2004-04-16,7.89288
2004-04-17,8.8611
2004-04-18,7.61767
2004-04-19,7.64903
2004-04-20,8.0366
2004-04-21,8.96208
2004-04-22,7.15345
2004-04-23,7.9113
2004-04-24,4.14021
2004-04-25,8.06949
2004-04-26,8.64862
2004-04-27,11.3706
2004-04-28,11.6482
2004-04-29,10.151
2004-04-30,11.7311
2004-05-01,9.59137
2004-05-02,9.47332
2004-05-03,7.4101
2004-05-04,8.72076
2004-05-05,6.82328
2004-05-06,5.5617
2004-05-07,5.86093
2004-05-08,7.90685
2004-05-09,7.45917
2004-05-10,6.38088
2004-05-11,8.03259
2004-05-12,8.45929
2004-05-13,8.86268
2004-05-14,7.94743
2004-05-15,8.36991
2004-05-16,7.48031
2004-05-17,9.14241
2004-05-18,8.95211
2004-05-19,8.00712
2004-05-20,9.61768
2004-05-21,9.779
2004-05-22,8.18274
2004-05-23,5.63533
2004-05-24,9.77624
2004-05-25,7.98882
2004-05-26,8.25235
2004-05-27,8.61102
2004-05-28,8.29563
2004-05-29,11.3649
2004-05-30,9.65529
2004-05-31,9.68355
2004-06-01,9.08022
2004-06-02,7.61685
2004-06-03,9.46374
2004-06-04,9.07655
2004-06-05,9.10736
2004-06-06,8.45143
2004-06-07,5.22873
2004-06-08,9.03434
2004-06-09,8.94763
2004-06-10,9.18
2004-06-11,9.10593
2004-06-12,9.49603
2004-06-13,10.2389
2004-06-14,11.4187
2004-06-15,8.15905
2004-06-16,8.54461
2004-06-17,8.79398
2004-06-18,7.86004
2004-06-19,9.22075
2004-06-20,8.85942
2004-06-21,9.36021
2004-06-22,8.8107
2004-06-23,9.12512
2004-06-24,7.54673
2004-06-25,8.88461
2004-06-26,9.0792
2004-06-27,11.2343
2004-06-28,11.3167
2004-06-29,11.7309
2004-06-30,10.8451
2004-07-01,11.7267
2004-07-02,9.74202
2004-07-03,11.0757
2004-07-04,10.673
2004-07-05,10.1444
2004-07-06,10.5732
2004-07-07,8.43579
2004-07-08,7.86601
2004-07-09,6.68878
2004-07-10,9.18875
2004-07-11,9.28088
2004-07-12,8.25526
2004-07-13,8.59447
2004-07-14,8.65717
2004-07-15,7.98079
2004-07-16,6.38768
2004-07-17,5.65398
2004-07-18,7.12767
2004-07-19,7.5269
2004-07-20,7.207
2004-07-21,5.9261
2004-07-22,8.81417
2004-07-23,7.9868
2004-07-24,9.34847
2004-07-25,7.87468
2004-07-26,5.72353
2004-07-27,4.74361
2004-07-28,5.01253
2004-07-29,5.81805
2004-07-30,6.01313
2004-07-31,6.26238
2004-08-01,6.48372
2004-08-02,6.61987
2004-08-03,6.96644
2004-08-04,7.19384
2004-08-05,6.91409
2004-08-06,6.05234
2004-08-07,4.69921
2004-08-08,4.98742
2004-08-09,7.34228
2004-08-10,8.03795
2004-08-11,5.73462
2004-08-12,5.17463
2004-08-13,6.10304
2004-08-14,7.15426
2004-08-15,8.97634
2004-08-16,9.74887
2004-08-17,9.2451
2004-08-18,8.74595
2004-08-19,8.71532
2004-08-20,7.54366
2004-08-21,6.42809
2004-08-22,6.62194
2004-08-23,6.33022
2004-08-24,7.71872
2004-08-25,10.2065
2004-08-26,10.2808
2004-08-27,12.08
2004-08-28,11.5838
2004-08-29,13.3056
2004-08-30,12.3223
2004-08-31,11.991
2004-09-01,10.8686
2004-09-02,9.65392
2004-09-03,8.78942
2004-09-04,9.9287
2004-09-05,9.83497
2004-09-06,10.5153
2004-09-07,11.1924
2004-09-08,9.89361
2004-09-09,8.89039
2004-09-10,9.88216
2004-09-11,9.22886
2004-09-12,8.41182
2004-09-13,10.01
2004-09-14,11.4794
2004-09-15,11.6605
2004-09-16,13.2688
2004-09-17,13.0734
2004-09-18,11.2476
2004-09-19,9.96049
2004-09-20,9.88945
2004-09-21,10.8
2004-09-22,11.019
2004-09-23,10.1104
2004-09-24,11.7376
2004-09-25,10.6097
2004-09-26,13.1134
2004-09-27,14.2999
2004-09-28,13.3237
2004-09-29,12.3163
2004-09-30,10.1105
2004-10-01,12.3742
2004-10-02,11.0791
2004-10-03,10.6813
2004-10-04,9.9113
2004-10-05,7.26144
2004-10-06,10.3255
2004-10-07,9.05238
2004-10-08,9.52057
2004-10-09,8.98573
2004-10-10,9.70641
2004-10-11,10.1723
2004-10-12,10.8065
2004-10-13,9.90013
2004-10-14,10.8114
2004-10-15,10.7169
2004-10-16,12.0465
2004-10-17,10.2039
2004-10-18,10.0573
2004-10-19,10.1583
2004-10-20,11.1336
2004-10-21,9.58122
2004-10-22,8.62712
2004-10-23,8.67348
2004-10-24,8.66433
2004-10-25,8.18447
2004-10-26,7.75976
2004-10-27,10.8513
2004-10-28,9.94751
2004-10-29,9.20999
2004-10-30,6.83391
2004-10-31,8.8764
2004-11-01,7.84267
2004-11-02,7.81938
2004-11-03,8.6074
2004-11-04,8.57345
2004-11-05,8.00735
2004-11-06,8.16486
2004-11-07,7.83908
2004-11-08,8.28849
2004-11-09,8.16972
2004-11-10,8.40846
2004-11-11,8.66127
2004-11-12,9.49662
2004-11-13,10.2065
2004-11-14,10.182
2004-11-15,9.51725
2004-11-16,8.42983
2004-11-17,8.62817
2004-11-18,7.72568
2004-11-19,7.703
2004-11-20,7.716
2004-11-21,7.78428
2004-11-22,7.47205
2004-11-23,8.10019
2004-11-24,7.4836
2004-11-25,7.31748
2004-11-26,7.62421
2004-11-27,7.75899
2004-11-28,8.00447
2004-11-29,7.81438
2004-11-30,8.06602
2004-12-01,8.90389
2004-12-02,9.17325
2004-12-03,9.43171
2004-12-04,9.97915
2004-12-05,9.68667
2004-12-06,7.24863
2004-12-07,7.99507
2004-12-08,10.0603
2004-12-09,10.3905
2004-12-10,11.2601
2004-12-11,11.22
2004-12-12,11.1835
2004-12-13,10.3713
2004-12-14,11.6452
2004-12-15,10.6852
2004-12-16,9.79765
2004-12-17,8.72353
2004-12-18,8.25328
2004-12-19,9.30475
2004-12-20,9.91218
2004-12-21,9.23263
2004-12-22,8.64154
2004-12-23,7.14888
2004-12-24,6.38999
2004-12-25,8.81566
2004-12-26,8.18937
2004-12-27,3.93333
2004-12-28,8.29695
2004-12-29,10.5263
2004-12-30,10.9426
2004-12-31,11.0251
2005-01-01,7.7644
2005-01-02,8.51038
2005-01-03,8.18063
2005-01-04,7.88382
2005-01-05,9.30708
2005-01-06,9.12254
2005-01-07,8.62782
2005-01-08,8.58449
2005-01-09,7.76281
2005-01-10,9.22366
2005-01-11,9.25935
2005-01-12,8.47478
2005-01-13,7.73367
2005-01-14,7.05004
2005-01-15,7.36123
2005-01-16,8.20203
2005-01-17,8.41787
2005-01-18,7.14339
2005-01-19,10.6881
2005-01-20,10.4115
2005-01-21,4.68099
2005-01-22,5.65971
2005-01-23,8.72627
2005-01-24,9.0159
2005-01-25,7.87877
2005-01-26,9.41691
2005-01-27,9.61835
2005-01-28,8.25842
2005-01-29,8.53808
2005-01-30,7.56934
2005-01-31,5.25847
2005-02-01,8.28144
2005-02-02,8.89888
2005-02-03,3.25103
2005-02-04,9.12628
2005-02-05,5.92959
2005-02-06,10.9065
2005-02-07,9.22784
2005-02-08,8.17655
2005-02-09,8.24908
2005-02-10,9.11642
2005-02-11,8.75706
2005-02-12,5.79555
2005-02-13,6.52187
2005-02-14,5.91108
2005-02-15,7.5165
2005-02-16,8.55025
2005-02-17,8.62268
2005-02-18,12.8272
2005-02-19,12.2378
2005-02-20,10.0701
2005-02-21,7.86936
2005-02-22,7.17171
2005-02-23,9.72249
2005-02-24,8.98063
2005-02-25,8.7448
2005-02-26,10.0539
2005-02-27,8.09605
2005-02-28,8.05426
2005-03-01,9.17251
2005-03-02,9.13492
2005-03-03,12.4361
2005-03-04,9.53044
2005-03-05,9.83021
2005-03-06,11.0081
2005-03-07,10.1221
2005-03-08,9.89304
2005-03-09,12.4079
2005-03-10,11.129
2005-03-11,12.515
2005-03-12,11.5201
2005-03-13,9.75552
2005-03-14,7.04858
2005-03-15,10.0448
2005-03-16,7.57934
2005-03-17,10.4328
2005-03-18,11.9526
2005-03-19,9.13909
2005-03-20,9.71654
2005-03-21,11.4433
2005-03-22,8.54442
2005-03-23,11.2832
2005-03-24,11.831
2005-03-25,12.8106
2005-03-26,12.7972
2005-03-27,11.7509
2005-03-28,11.3241
2005-03-29,13.9414
2005-03-30,10.9897
2005-03-31,10.3312
2005-04-01,13.8706
2005-04-02,9.97733
2005-04-03,10.3978
2005-04-04,12.2958
2005-04-05,11.0402
2005-04-06,11.5447
2005-04-07,11.5567
2005-04-08,10.3915
2005-04-09,11.3743
2005-04-10,2.61698
2005-04-11,9.66727
2005-04-12,7.50168
2005-04-13,13.1529
2005-04-14,11.0511
2005-04-15,7.20801
2005-04-16,9.76209
2005-04-17,10.6011
2005-04-18,10.8956
2005-04-19,11.5524
2005-04-20,11.1233
2005-04-21,9.52437
2005-04-22,10.2619
2005-04-23,9.06521
2005-04-24,3.42891
2005-04-25,13.6382
2005-04-26,11.1205
2005-04-27,8.44722
2005-04-28,10.0137
2005-04-29,10.6315
2005-04-30,7.17414
2005-05-01,10.2426
2005-05-02,8.05967
2005-05-03,10.6396
2005-05-04,11.9458
2005-05-05,9.13098
2005-05-06,7.61684
2005-05-07,11.2914
2005-05-08,6.07771
2005-05-09,11.5373
2005-05-10,12.1045
2005-05-11,14.2788
2005-05-12,12.1827
2005-05-13,8.77395
2005-05-14,11.0198
2005-05-15,10.1905
2005-05-16,9.43711
2005-05-17,12.8597
2005-05-18,11.9227
2005-05-19,11.1623
2005-05-20,8.18474
2005-05-21,9.21654
2005-05-22,10.9126
2005-05-23,12.1099
2005-05-24,9.80226
2005-05-25,9.92164
2005-05-26,8.16068
2005-05-27,12.0082
2005-05-28,5.82808
2005-05-29,9.50748
2005-05-30,10.0975
2005-05-31,11.046
2005-06-01,10.8971
2005-06-02,11.8324
2005-06-03,11.7717
2005-06-04,12.2432
2005-06-05,12.6707
2005-06-06,12.8155
2005-06-07,8.671
2005-06-08,11.4557
2005-06-09,11.0736
2005-06-10,10.6404
2005-06-11,11.9525
2005-06-12,14.1031
2005-06-13,14.0791
2005-06-14,11.6943
2005-06-15,12.2576
2005-06-16,12.7358
2005-06-17,11.5198
2005-06-18,13.3502
2005-06-19,13.1953
2005-06-20,14.4304
2005-06-21,14.2621
2005-06-22,13.855
2005-06-23,5.44483
2005-06-24,6.56917
2005-06-25,12.2867
2005-06-26,10.8064
2005-06-27,11.244
2005-06-28,13.9351
2005-06-29,14.9454
2005-06-30,13.718
2005-07-01,12.9463
2005-07-02,12.1001
2005-07-03,14.0858
2005-07-04,13.9891
2005-07-05,9.74605
2005-07-06,12.3912
2005-07-07,12.793
2005-07-08,12.1879
2005-07-09,5.67048
2005-07-10,8.22724
2005-07-11,12.5238
2005-07-12,14.3801
2005-07-13,13.5036
2005-07-14,12.0636
2005-07-15,15.6362
2005-07-16,16.5486
2005-07-17,15.777
2005-07-18,15.6263
2005-07-19,16.7542
2005-07-20,15.8291
2005-07-21,15.3585
2005-07-22,10.867
2005-07-23,12.2051
2005-07-24,12.836
2005-07-25,13.029
2005-07-26,14.456
2005-07-27,14.3838
2005-07-28,14.759
2005-07-29,16.7667
2005-07-30,16.6296
2005-07-31,18.2992
2005-08-01,16.2251
2005-08-02,17.1927
2005-08-03,16.0212
2005-08-04,15.5716
2005-08-05,16.2142
2005-08-06,15.8328
2005-08-07,15.0052
2005-08-08,16.1092
2005-08-09,15.6924
2005-08-10,16.8825
2005-08-11,12.8984
2005-08-12,10.3662
2005-08-13,11.5852
2005-08-14,14.38
2005-08-15,14.7333
2005-08-16,12.5624
2005-08-17,16.8292
2005-08-18,13.6159
2005-08-19,15.6892
2005-08-20,17.1622
2005-08-21,15.15
2005-08-22,15.1435
2005-08-23,17.1736
2005-08-24,16.4103
2005-08-25,17.3805
2005-08-26,16.308
2005-08-27,15.7733
2005-08-28,16.1904
2005-08-29,18.1645
2005-08-30,18.2717
2005-08-31,18.0622
2005-09-01,15.5928
2005-09-02,17.9549
2005-09-03,16.2591
2005-09-04,16.7863
2005-09-05,16.7302
2005-09-06,15.2594
2005-09-07,14.7127
2005-09-08,18.1062
2005-09-09,18.3235
2005-09-10,15.6365
2005-09-11,18.7238
2005-09-12,17.5896
2005-09-13,17.4452
2005-09-14,16.9879
2005-09-15,15.5153
2005-09-16,14.2187
2005-09-17,17.9147
2005-09-18,17.6741
2005-09-19,16.9913
2005-09-20,17.2203
2005-09-21,19.0425
2005-09-22,18.4492
2005-09-23,19.2446
2005-09-24,17.7881
2005-09-25,15.9092
2005-09-26,14.0856
2005-09-27,15.1597
2005-09-28,16.794
2005-09-29,13.4639
2005-09-30,17.4069
2005-10-01,17.042
2005-10-02,15.1037
2005-10-03,17.7869
2005-10-04,18.4277
2005-10-05,16.5383
2005-10-06,12.9435
2005-10-07,17.3353
2005-10-08,14.8461
2005-10-09,16.6039
2005-10-10,18.5071
2005-10-11,16.213
2005-10-12,18.5073
2005-10-13,17.4921
2005-10-14,16.2399
2005-10-15,14.4496
2005-10-16,16.6311
2005-10-17,16.9311
2005-10-18,17.6496
2005-10-19,16.9918
2005-10-20,16.4409
2005-10-21,16.7212
2005-10-22,18.1391
2005-10-23,15.2396
2005-10-24,16.6342
2005-10-25,15.9262
2005-10-26,11.0717
2005-10-27,18.0196
2005-10-28,15.6182
2005-10-29,15.9147
2005-10-30,14.3355
2005-10-31,13.189
2005-11-01,19.2251
2005-11-02,14.132
2005-11-03,15.9941
2005-11-04,18.2375
2005-11-05,12.8697
2005-11-06,15.0809
2005-11-07,16.5768
2005-11-08,20.3581
2005-11-09,17.6272
2005-11-10,16.9857
2005-11-11,15.4311
2005-11-12,15.445
2005-11-13,16.6244
2005-11-14,15.218
2005-11-15,12.6331
2005-11-16,14.4119
2005-11-17,14.4407
2005-11-18,10.268
2005-11-19,9.98636
2005-11-20,9.43685
2005-11-21,10.4708
2005-11-22,11.5907
2005-11-23,12.2674
2005-11-24,11.755
2005-11-25,10.7372
2005-11-26,9.63516
2005-11-27,11.0019
2005-11-28,9.65025
2005-11-29,10.0095
2005-11-30,10.7956
2005-12-01,12.5997
2005-12-02,11.153
2005-12-03,11.8826
2005-12-04,8.05445
2005-12-05,11.0904
2005-12-06,12.8617
2005-12-07,10.2845
2005-12-08,11.0961
2005-12-09,7.00601
2005-12-10,9.19129
2005-12-11,6.28095
2005-12-12,4.04096
2005-12-13,8.45116
2005-12-14,8.5266
2005-12-15,9.19751
2005-12-16,11.3638
2005-12-17,9.78602
2005-12-18,7.3031
2005-12-19,10.4058
2005-12-20,5.96319
2005-12-21,9.26224
2005-12-22,12.2057
2005-12-23,11.9677
2005-12-24,9.16293
2005-12-25,11.1931
2005-12-26,9.63488
2005-12-27,4.35536
2005-12-28,10.284
2005-12-29,6.1263
2005-12-30,12.3264
2005-12-31,10.6986
2006-01-01,15.1026
2006-01-02,11.7795
2006-01-03,12.1956
2006-01-04,7.98983
2006-01-05,13.0125
2006-01-06,10.9213
2006-01-07,8.7676
2006-01-08,5.27009
2006-01-09,5.67849
2006-01-10,9.78667
2006-01-11,10.6817
2006-01-12,9.18918
2006-01-13,11.4473
2006-01-14,11.4233
2006-01-15,11.3772
2006-01-16,11.5918
2006-01-17,13.2587
2006-01-18,11.3921
2006-01-19,8.66272
2006-01-20,11.6267
2006-01-21,11.0779
2006-01-22,11.3479
2006-01-23,11.4717
2006-01-24,12.4298
2006-01-25,11.498
2006-01-26,13.256
2006-01-27,10.7449
2006-01-28,13.5417
2006-01-29,11.6457
2006-01-30,11.563
2006-01-31,11.5713
2006-02-01,12.1893
2006-02-02,12.6459
2006-02-03,12.3602
2006-02-04,11.8489
2006-02-05,4.85722
2006-02-06,9.1832
2006-02-07,5.23426
2006-02-08,12.8859
2006-02-09,10.4621
2006-02-10,13.9427
2006-02-11,12.9842
2006-02-12,10.8924
2006-02-13,8.61155
2006-02-14,4.30652
2006-02-15,6.22894
2006-02-16,4.27449
2006-02-17,6.60685
2006-02-18,4.68662
2006-02-19,8.67501
2006-02-20,6.51405
2006-02-21,4.67258
2006-02-22,11.1791
2006-02-23,14.1648
2006-02-24,12.643
2006-02-25,14.2879
2006-02-26,11.5555
2006-02-27,9.86075
2006-02-28,7.22477
2006-03-01,12.0243
2006-03-02,13.8272
2006-03-03,13.8141
2006-03-04,11.5166
2006-03-05,3.44472
2006-03-06,13.5909
2006-03-07,11.8828
2006-03-08,11.4842
2006-03-09,11.7063
2006-03-10,10.9805
2006-03-11,9.92534
2006-03-12,10.4915
2006-03-13,12.5956
2006-03-14,11.3801
2006-03-15,11.399
2006-03-16,8.1441
2006-03-17,6.14822
2006-03-18,11.5874
2006-03-19,9.68479
2006-03-20,9.78686
2006-03-21,9.56335
2006-03-22,9.99641
2006-03-23,7.16057
2006-03-24,5.64705
2006-03-25,9.55841
2006-03-26,9.74724
2006-03-27,14.135
2006-03-28,8.00239
2006-03-29,9.89797
2006-03-30,10.0683
2006-03-31,11.9786
2006-04-01,13.5443
2006-04-02,13.0136
2006-04-03,8.85216
2006-04-04,7.55285
2006-04-05,9.65453
2006-04-06,10.4214
2006-04-07,6.65126
2006-04-08,6.7893
2006-04-09,0.314465
2006-04-10,11.2543
2006-04-11,8.94824
2006-04-12,9.68478
2006-04-13,12.708
2006-04-14,10.0932
2006-04-15,3.09972
2006-04-16,9.96341
2006-04-17,10.2953
2006-04-18,11.8348
2006-04-19,10.0036
2006-04-20,9.1372
2006-04-21,13.34
2006-04-22,10.8736
2006-04-23,12.32
2006-04-24,5.64831
2006-04-25,1.30589
2006-04-26,7.64787
2006-04-27,5.1681
2006-04-28,4.90135
2006-04-29,9.24629
2006-04-30,10.7019
2006-05-01,12.0063
2006-05-02,10.8001
2006-05-03,6.18247
2006-05-04,6.67665
2006-05-05,8.66521
2006-05-06,4.12581
2006-05-07,7.39758
2006-05-08,7.66894
2006-05-09,11.3375
2006-05-10,4.38962
2006-05-11,5.52866
2006-05-12,6.18664
2006-05-13,7.22577
2006-05-14,9.03773
2006-05-15,11.826
2006-05-16,10.2113
2006-05-17,9.09858
2006-05-18,8.91001
2006-05-19,9.79526
2006-05-20,10.0023
2006-05-21,11.1279
2006-05-22,12.2704
2006-05-23,7.10863
2006-05-24,10.4355
2006-05-25,5.53018
2006-05-26,10.1315
2006-05-27,11.2118
2006-05-28,8.53269
2006-05-29,10.6361
2006-05-30,9.28592
2006-05-31,4.49082
2006-06-01,11.322
2006-06-02,12.207
2006-06-03,4.49922
2006-06-04,10.8151
2006-06-05,13.4372
2006-06-06,12.387
2006-06-07,9.7072
2006-06-08,12.3402
2006-06-09,7.56877
2006-06-10,8.66267
2006-06-11,10.1212
2006-06-12,9.75788
2006-06-13,10.9641
2006-06-14,11.6621
2006-06-15,7.59433
2006-06-16,12.3808
2006-06-17,11.6736
2006-06-18,9.50445
2006-06-19,11.8924
2006-06-20,12.3937
2006-06-21,14.641
2006-06-22,14.1427
2006-06-23,13.4171
2006-06-24,10.4574
2006-06-25,12.3272
2006-06-26,13.2128
2006-06-27,13.1629
2006-06-28,12.185
2006-06-29,11.3218
2006-06-30,11.2353
2006-07-01,9.58833
2006-07-02,12.6747
2006-07-03,12.3244
2006-07-04,12.8183
2006-07-05,10.9994
2006-07-06,13.0432
2006-07-07,12.3236
2006-07-08,12.2125
2006-07-09,13.4384
2006-07-10,11.2664
2006-07-11,13.7399
2006-07-12,7.73659
2006-07-13,11.5604
2006-07-14,14.5332
2006-07-15,14.7368
2006-07-16,14.5818
2006-07-17,14.2244
2006-07-18,14.3438
2006-07-19,10.195
2006-07-20,10.3246
2006-07-21,12.1636
2006-07-22,12.3291
2006-07-23,14.1402
2006-07-24,14.2691
2006-07-25,14.0032
2006-07-26,12.6744
2006-07-27,12.6951
2006-07-28,12.5245
2006-07-29,11.7373
2006-07-30,11.5474
2006-07-31,12.5999
2006-08-01,11.7581
2006-08-02,11.8294
2006-08-03,13.6907
2006-08-04,14.2792
2006-08-05,15.3107
2006-08-06,15.5662
2006-08-07,15.4049
2006-08-08,15.6364
2006-08-09,15.1832
2006-08-10,14.2523
2006-08-11,13.865
2006-08-12,12.8618
2006-08-13,12.5568
2006-08-14,14.0231
2006-08-15,15.0808
2006-08-16,14.5061
2006-08-17,14.7506
2006-08-18,14.5784
2006-08-19,14.3786
2006-08-20,14.2185
2006-08-21,14.5212
2006-08-22,12.6053
2006-08-23,13.5328
2006-08-24,13.4282
2006-08-25,13.3672
2006-08-26,14.2945
2006-08-27,13.906
2006-08-28,13.9722
2006-08-29,14.8894
2006-08-30,15.0562
2006-08-31,15.8211
2006-09-01,13.0878
2006-09-02,15.5826
2006-09-03,13.9474
2006-09-04,13.7493
2006-09-05,11.2872
2006-09-06,11.3972
2006-09-07,11.7705
2006-09-08,11.8394
2006-09-09,13.5927
2006-09-10,14.997
2006-09-11,15.2709
2006-09-12,14.5943
2006-09-13,14.975
2006-09-14,15.3949
2006-09-15,15.0492
2006-09-16,11.394
2006-09-17,13.0495
2006-09-18,14.4423
2006-09-19,14.1253
2006-09-20,15.6208
2006-09-21,14.3704
2006-09-22,13.699
2006-09-23,15.5638
2006-09-24,14.3596
2006-09-25,14.9383
2006-09-26,14.4107
2006-09-27,14.8739
2006-09-28,14.4901
2006-09-29,12.8508
2006-09-30,14.8491
2006-10-01,15.5485
2006-10-02,16.4367
2006-10-03,15.3563
2006-10-04,16.0102
2006-10-05,15.4822
2006-10-06,13.7188
2006-10-07,15.8502
2006-10-08,13.4175
2006-10-09,13.2017
2006-10-10,14.6644
2006-10-11,15.1711
2006-10-12,14.2443
2006-10-13,15.4199
2006-10-14,15.1687
2006-10-15,15.9326
2006-10-16,15.5572
2006-10-17,15.1928
2006-10-18,10.8426
2006-10-19,12.1227
2006-10-20,11.0745
2006-10-21,15.9831
2006-10-22,17.1439
2006-10-23,16.357
2006-10-24,15.0666
2006-10-25,14.6651
2006-10-26,14.7308
2006-10-27,17.5005
2006-10-28,16.0579
2006-10-29,16.4267
2006-10-30,14.7761
2006-10-31,15.0623
2006-11-01,15.3003
2006-11-02,12.1326
2006-11-03,16.1493
2006-11-04,14.6675
2006-11-05,15.6125
2006-11-06,15.6387
2006-11-07,14.2981
2006-11-08,15.737
2006-11-09,14.4374
2006-11-10,9.58335
2006-11-11,10.3803
2006-11-12,13.1838
2006-11-13,10.8074
2006-11-14,6.31647
2006-11-15,10.1841
2006-11-16,12.0939
2006-11-17,10.5216
2006-11-18,9.93296
2006-11-19,13.2221
2006-11-20,11.7207
2006-11-21,12.3511
2006-11-22,12.1731
2006-11-23,14.9087
2006-11-24,14.7237
2006-11-25,14.8959
2006-11-26,11.9579
2006-11-27,16.8295
2006-11-28,15.7089
2006-11-29,11.749
2006-11-30,13.5101
2006-12-01,11.7697
2006-12-02,12.2168
2006-12-03,14.4783
2006-12-04,15.2634
2006-12-05,14.7146
2006-12-06,14.9104
2006-12-07,15.4814
2006-12-08,16.6886
2006-12-09,13.5308
2006-12-10,13.748
2006-12-11,14.3477
2006-12-12,13.6595
2006-12-13,14.0654
2006-12-14,14.813
2006-12-15,14.1811
2006-12-16,10.2928
2006-12-17,12.4494
2006-12-18,13.7016
2006-12-19,13.8515
2006-12-20,12.5814
2006-12-21,14.3566
2006-12-22,13.1213
2006-12-23,14.9721
2006-12-24,14.1684
2006-12-25,14.9268
2006-12-26,14.995
2006-12-27,15.1115
2006-12-28,15.0668
2006-12-29,15.3919
2006-12-30,14.9381
2006-12-31,13.7712
2008-01-01,3.9715
2008-01-02,6.09337
2008-01-03,5.12844
2008-01-04,6.11688
2008-01-05,4.9444
2008-01-06,4.40708
2008-01-07,6.00605
2008-01-08,4.52746
2008-01-09,3.07353
2008-01-10,4.97441
2008-01-11,5.25536
2008-01-12,5.48856
2008-01-13,4.97735
2008-01-14,5.56222
2008-01-15,4.54792
2008-01-16,2.73363
2008-01-17,2.84797
2008-01-18,4.54085
2008-01-19,6.28161
2008-01-20,3.01205
2008-01-21,5.16135
2008-01-22,4.77895
2008-01-23,4.3647
2008-01-24,4.77054
2008-01-25,4.73182
2008-01-26,3.7231
2008-01-27,5.07852
2008-01-28,6.10204
2008-01-29,4.94394
2008-01-30,1.13964
2008-01-31,4.32668
2008-02-01,6.54281
2008-02-02,4.39913
2008-02-03,4.55692
2008-02-04,3.70829
2008-02-05,3.66824
2008-02-06,4.65942
2008-02-07,6.96972
2008-02-08,6.78241
2008-02-09,7.10684
2008-02-10,6.95762
2008-02-11,5.75672
2008-02-12,4.0285
2008-02-13,4.59402
2008-02-14,5.86614
2008-02-15,4.1332
2008-02-16,3.38941
2008-02-17,5.1365
2008-02-18,4.72569
2008-02-19,4.56637
2008-02-20,3.517
2008-02-21,2.96328
2008-02-22,5.44243
2008-02-23,5.43183
2008-02-24,4.78518
2008-02-25,4.72701
2008-02-26,6.65818
2008-02-27,5.09026
2008-02-28,5.52533
2008-02-29,5.52531
2008-03-01,4.02453
2008-03-02,2.52016
2008-03-03,3.5311
2008-03-04,4.42975
2008-03-05,4.84677
2008-03-06,4.73744
2008-03-07,5.93132
2008-03-08,5.70084
2008-03-09,6.01273
2008-03-10,6.15018
2008-03-11,3.2603
2008-03-12,4.38336
2008-03-13,4.59373
2008-03-14,2.7264
2008-03-15,4.67291
2008-03-16,5.31194
2008-03-17,4.99901
2008-03-18,5.0873
2008-03-19,5.25743
2008-03-20,4.10942
2008-03-21,3.11331
2008-03-22,3.45821
2008-03-23,3.93287
2008-03-24,5.10989
2008-03-25,5.60126
2008-03-26,5.16293
2008-03-27,4.05124
2008-03-28,4.95022
2008-03-29,5.52143
2008-03-30,4.85288
2008-03-31,3.78659
2008-04-01,4.71304
2008-04-02,5.33103
2008-04-03,4.8088
2008-04-04,4.62407
2008-04-05,3.24856
2008-04-06,5.73331
2008-04-07,4.27317
2008-04-08,5.01901
2008-04-09,5.07915
2008-04-10,4.76254
2008-04-11,5.36945
2008-04-12,4.71979
2008-04-13,4.12443
2008-04-14,5.23667
2008-04-15,3.83308
2008-04-16,5.13875
2008-04-17,5.45954
2008-04-18,3.34251
2008-04-19,4.05307
2008-04-20,4.42047
2008-04-21,4.60108
2008-04-22,6.07306
2008-04-23,2.7549
2008-04-24,4.28993
2008-04-25,2.90561
2008-04-26,5.11144
2008-04-27,4.61077
2008-04-28,4.0277
2008-04-29,4.26971
2008-04-30,3.98413
2008-05-01,4.21024
2008-05-02,3.64747
2008-05-03,1.8033
2008-05-04,3.98382
2008-05-05,2.65213
2008-05-06,3.83377
2008-05-07,4.35255
2008-05-08,6.023
2008-05-09,3.42959
2008-05-10,4.91128
2008-05-11,4.33477
2008-05-12,3.70768
2008-05-13,3.0202
2008-05-14,4.12615
2008-05-15,5.45388
2008-05-16,4.32562
2008-05-17,4.72059
2008-05-18,2.34088
2008-05-19,3.96317
2008-05-20,4.34993
2008-05-21,4.20859
2008-05-22,4.9292
2008-05-23,4.26719
2008-05-24,5.07747
2008-05-25,3.22933
2008-05-26,4.97824
2008-05-27,5.16131
2008-05-28,3.50603
2008-05-29,4.16338
2008-05-30,3.3753
2008-05-31,5.01781
2008-06-01,4.11508
2008-06-02,2.58276
2008-06-03,5.18417
2008-06-04,4.68427
2008-06-05,4.67514
2008-06-06,4.13159
2008-06-07,4.83151
2008-06-08,5.32107
2008-06-09,6.43091
2008-06-10,6.09436
2008-06-11,4.01367
2008-06-12,3.43976
2008-06-13,4.34045
2008-06-14,5.93141
2008-06-15,5.66238
2008-06-16,5.214
2008-06-17,4.0456
2008-06-18,3.0344
2008-06-19,4.06561
2008-06-20,4.1405
2008-06-21,4.8363
2008-06-22,5.93732
2008-06-23,6.18775
2008-06-24,6.58871
2008-06-25,6.82113
2008-06-26,4.35628
2008-06-27,6.12212
2008-06-28,6.46765
2008-06-29,6.71011
2008-06-30,6.82383
2008-07-01,7.38903
2008-07-02,6.76808
2008-07-03,5.1293
2008-07-04,4.7302
2008-07-05,6.433
2008-07-06,6.74336
2008-07-07,6.1346
2008-07-08,6.17218
2008-07-09,6.55704
2008-07-10,5.61492
2008-07-11,7.0931
2008-07-12,7.04656
2008-07-13,7.46382
2008-07-14,6.81217
2008-07-15,7.52903
2008-07-16,7.56739
2008-07-17,6.39454
2008-07-18,5.24144
2008-07-19,5.2817
2008-07-20,4.09281
2008-07-21,5.4028
2008-07-22,7.23609
2008-07-23,5.96403
2008-07-24,5.66193
2008-07-25,5.92461
2008-07-26,5.50757
2008-07-27,5.80222
2008-07-28,4.98287
2008-07-29,6.60973
2008-07-30,7.36094
2008-07-31,6.58641
2008-08-01,6.8275
2008-08-02,6.29135
2008-08-03,6.59022
2008-08-04,6.58054
2008-08-05,5.69364
2008-08-06,5.55282
2008-08-07,6.77638
2008-08-08,7.67286
2008-08-09,6.84037
2008-08-10,7.00753
2008-08-11,7.25621
2008-08-12,7.05287
2008-08-13,7.20727
2008-08-14,6.55022
2008-08-15,6.00427
2008-08-16,6.42921
2008-08-17,6.5867
2008-08-18,6.7179
2008-08-19,7.34674
2008-08-20,6.97781
2008-08-21,7.08348
2008-08-22,8.02065
2008-08-23,7.85254
2008-08-24,8.768
2008-08-25,9.00271
2008-08-26,9.76557
2008-08-27,12.0277
2008-08-28,13.1724
2008-08-29,13.0747
2008-08-30,11.432
2008-08-31,10.5111
2008-09-01,10.7348
2008-09-02,10.9297
2008-09-03,9.80094
2008-09-04,9.24991
2008-09-05,10.6127
2008-09-06,9.73543
2008-09-07,9.13918
2008-09-08,8.46601
2008-09-09,7.71191
2008-09-10,7.73154
2008-09-11,7.04667
2008-09-12,5.84848
2008-09-13,5.12014
2008-09-14,6.24505
2008-09-15,5.91732
2008-09-16,5.40658
2008-09-17,5.86426
2008-09-18,8.07089
2008-09-19,9.32863
2008-09-20,8.99713
2008-09-21,8.33515
2008-09-22,9.02496
2008-09-23,4.51972
2008-09-24,7.73773
2008-09-25,7.0765
2008-09-26,8.40366
2008-09-27,8.59496
2008-09-28,8.43401
2008-09-29,9.28497
2008-09-30,9.75257
2008-10-01,10.1969
2008-10-02,9.6274
2008-10-03,8.55981
2008-10-04,9.28846
2008-10-05,8.9058
2008-10-06,8.77339
2008-10-07,8.42485
2008-10-08,8.94346
2008-10-09,5.97677
2008-10-10,11.0029
2008-10-11,10.8004
2008-10-12,9.35252
2008-10-13,10.9076
2008-10-14,10.1106
2008-10-15,8.9608
2008-10-16,8.84945
2008-10-17,9.356
2008-10-18,9.63856
2008-10-19,6.76019
2008-10-20,10.1605
2008-10-21,9.82165
2008-10-22,10.0595
2008-10-23,10.0405
2008-10-24,10.2752
2008-10-25,10.4298
2008-10-26,10.2698
2008-10-27,10.2357
2008-10-28,10.2286
2008-10-29,9.37765
2008-10-30,10.1567
2008-10-31,10.3086
2008-11-01,9.57423
2008-11-02,8.89684
2008-11-03,8.26892
2008-11-04,8.83443
2008-11-05,8.74662
2008-11-06,8.88245
2008-11-07,7.64974
2008-11-08,11.0621
2008-11-09,7.69892
2008-11-10,9.82304
2008-11-11,10.3301
2008-11-12,9.80994
2008-11-13,10.8077
2008-11-14,9.85597
2008-11-15,10.4424
2008-11-16,8.26167
2008-11-17,5.43573
2008-11-18,8.94137
2008-11-19,10.4474
2008-11-20,8.55329
2008-11-21,8.79005
2008-11-22,8.39853
2008-11-23,8.18841
2008-11-24,5.71813
2008-11-25,7.80666
2008-11-26,8.81771
2008-11-27,9.27538
2008-11-28,8.11515
2008-11-29,8.72994
2008-11-30,8.12907
2008-12-01,9.5689
2008-12-02,7.76725
2008-12-03,10.8532
2008-12-04,9.773
2008-12-05,9.4116
2008-12-06,9.4332
2008-12-07,9.03486
2008-12-08,8.21144
2008-12-09,10.5814
2008-12-10,10.6045
2008-12-11,9.82704
2008-12-12,9.60802
2008-12-13,8.40451
2008-12-14,10.1758
2008-12-15,10.6264
2008-12-16,7.70919
2008-12-17,7.69341
2008-12-18,8.45329
2008-12-19,4.49447
2008-12-20,7.69817
2008-12-21,8.74928
2008-12-22,7.5622
2008-12-23,7.52517
2008-12-24,7.45974
2008-12-25,5.75483
2008-12-26,6.7493
2008-12-27,7.34912
2008-12-28,7.94494
2008-12-29,7.23452
2008-12-30,5.09771
2008-12-31,3.23589
2009-01-01,5.45828
2009-01-02,6.40118
2009-01-03,6.96394
2009-01-04,6.24431
2009-01-05,6.85542
2009-01-06,6.39523
2009-01-07,6.67336
2009-01-08,6.28927
2009-01-09,6.71766
2009-01-10,7.28612
2009-01-11,6.63091
2009-01-12,6.62336
2009-01-13,5.56003
2009-01-14,6.59308
2009-01-15,6.93608
2009-01-16,5.97377
2009-01-17,5.62726
2009-01-18,7.88421
2009-01-19,6.16434
2009-01-20,7.09622
2009-01-21,6.81142
2009-01-22,7.86181
2009-01-23,6.64354
2009-01-24,8.01414
2009-01-25,4.73085
2009-01-26,6.83943
2009-01-27,6.64803
2009-01-28,5.5095
2009-01-29,5.97161
2009-01-30,8.20372
2009-01-31,7.34565
2009-02-01,8.05221
2009-02-02,6.15863
2009-02-03,8.07381
2009-02-04,7.85941
2009-02-05,4.99978
2009-02-06,7.0707
2009-02-07,4.67409
2009-02-08,7.28361
2009-02-09,7.54851
2009-02-10,6.78852
2009-02-11,6.96034
2009-02-12,10.2142
2009-02-13,9.72591
2009-02-14,12.0604
2009-02-15,8.08032
2009-02-16,13.0119
2009-02-17,10.0552
2009-02-18,8.58479
2009-02-19,10.7104
2009-02-20,13.5281
2009-02-21,8.6324
2009-02-22,12.4605
2009-02-23,9.64718
2009-02-24,7.28427
2009-02-25,7.27579
2009-02-26,6.48461
2009-02-27,12.5712
2009-02-28,11.575
2009-03-01,13.0352
2009-03-02,7.73387
2009-03-03,13.27
2009-03-04,12.1266
2009-03-05,7.39745
2009-03-06,7.35319
2009-03-07,9.05041
2009-03-08,4.51982
2009-03-09,9.6081
2009-03-10,7.4478
2009-03-11,9.38148
2009-03-12,10.2239
2009-03-13,9.87958
2009-03-14,10.931
2009-03-15,11.8771
2009-03-16,7.85519
2009-03-17,11.3447
2009-03-18,11.8965
2009-03-19,10.8794
2009-03-20,11.1763
2009-03-21,10.3791
2009-03-22,11.1479
2009-03-23,9.81034
2009-03-24,9.14712
2009-03-25,9.2738
2009-03-26,4.02611
2009-03-27,8.79225
2009-03-28,8.34328
2009-03-29,10.0392
2009-03-30,3.54983
2009-03-31,11.1711
2009-04-01,8.84973
2009-04-02,9.48687
2009-04-03,8.21402
2009-04-04,8.62177
2009-04-05,10.9215
2009-04-06,7.1086
2009-04-07,8.51332
2009-04-08,5.73423
2009-04-09,7.19837
2009-04-10,6.58614
2009-04-11,5.89556
2009-04-12,6.52788
2009-04-13,10.2197
2009-04-14,10.3196
2009-04-15,8.44354
2009-04-16,9.26587
2009-04-17,5.82585
2009-04-18,8.59425
2009-04-19,8.85759
2009-04-20,10.4527
2009-04-21,8.99435
2009-04-22,10.3411
2009-04-23,11.3815
2009-04-24,11.1203
2009-04-25,8.35565
2009-04-26,8.84596
2009-04-27,10.0361
2009-04-28,9.28702
2009-04-29,8.69358
2009-04-30,9.06167
2009-05-01,7.58191
2009-05-02,8.66212
2009-05-03,7.37321
2009-05-04,9.74218
2009-05-05,9.18456
2009-05-06,7.38942
2009-05-07,7.92005
2009-05-08,6.97528
2009-05-09,8.72043
2009-05-10,8.90603
2009-05-11,9.06436
2009-05-12,10.9377
2009-05-13,10.2114
2009-05-14,10.4104
2009-05-15,10.5478
2009-05-16,11.3634
2009-05-17,8.34785
2009-05-18,11.5518
2009-05-19,12.6193
2009-05-20,11.4013
2009-05-21,9.29043
2009-05-22,11.8509
2009-05-23,8.91005
2009-05-24,9.94766
2009-05-25,6.66318
2009-05-26,10.5786
2009-05-27,9.02259
2009-05-28,9.06138
2009-05-29,9.57886
2009-05-30,7.15453
2009-05-31,6.34931
2009-06-01,8.99647
2009-06-02,6.43402
2009-06-03,7.04431
2009-06-04,10.3469
2009-06-05,9.07
2009-06-06,7.67375
2009-06-07,8.93947
2009-06-08,8.9198
2009-06-09,6.73623
2009-06-10,9.31401
2009-06-11,8.91693
2009-06-12,8.2456
2009-06-13,8.4626
2009-06-14,9.69556
2009-06-15,5.73686
2009-06-16,7.68217
2009-06-17,7.28175
2009-06-18,6.94658
2009-06-19,7.16579
2009-06-20,7.28666
2009-06-21,6.10682
2009-06-22,7.62575
2009-06-23,6.30629
2009-06-24,7.9425
2009-06-25,8.07418
2009-06-26,7.28187
2009-06-27,8.89759
2009-06-28,9.95846
2009-06-29,11.1926
2009-06-30,10.7179
2009-07-01,10.4434
2009-07-02,11.1198
2009-07-03,10.2363
2009-07-04,8.58168
2009-07-05,7.70084
2009-07-06,7.13949
2009-07-07,7.46419
2009-07-08,6.17979
2009-07-09,4.7153
2009-07-10,4.76138
2009-07-11,6.62667
2009-07-12,6.30523
2009-07-13,4.68256
2009-07-14,3.71223
2009-07-15,5.41018
2009-07-16,5.73193
2009-07-17,6.86967
2009-07-18,6.69136
2009-07-19,6.28128
2009-07-20,6.33751
2009-07-21,8.85248
2009-07-22,8.6217
2009-07-23,8.98578
2009-07-24,9.30216
2009-07-25,7.07211
2009-07-26,8.59877
2009-07-27,7.89708
2009-07-28,7.28154
2009-07-29,7.14282
2009-07-30,6.83897
2009-07-31,7.01494
2009-08-01,7.67923
2009-08-02,7.50234
2009-08-03,7.83186
2009-08-04,6.65743
2009-08-05,6.39288
2009-08-06,6.21486
2009-08-07,8.40171
2009-08-08,7.89335
2009-08-09,7.01011
2009-08-10,7.84287
2009-08-11,8.34025
2009-08-12,12.6145
2009-08-13,15.3983
2009-08-14,19.0626
2009-08-15,19.4478
2009-08-16,16.7444
2009-08-17,12.0171
2009-08-18,7.66891
2009-08-19,6.35966
2009-08-20,6.57787
2009-08-21,7.38265
2009-08-22,7.33687
2009-08-23,8.34608
2009-08-24,7.85447
2009-08-25,9.67944
2009-08-26,10.2762
2009-08-27,9.83689
2009-08-28,8.35029
2009-08-29,8.07033
2009-08-30,8.38828
2009-08-31,8.49721
2009-09-01,8.77531
2009-09-02,9.1797
2009-09-03,9.23646
2009-09-04,9.04572
2009-09-05,8.64183
2009-09-06,9.0213
2009-09-07,8.77312
2009-09-08,8.00914
2009-09-09,7.55616
2009-09-10,7.91315
2009-09-11,6.3878
2009-09-12,7.29216
2009-09-13,7.69147
2009-09-14,8.03804
2009-09-15,8.70163
2009-09-16,9.73272
2009-09-17,10.1028
2009-09-18,10.4054
2009-09-19,9.22789
2009-09-20,8.81161
2009-09-21,8.55081
2009-09-22,8.71933
2009-09-23,8.23949
2009-09-24,8.17334
2009-09-25,7.9573
2009-09-26,7.44794
2009-09-27,8.26522
2009-09-28,9.19208
2009-09-29,9.50423
2009-09-30,10.0053
2009-10-01,9.88945
2009-10-02,10.7973
2009-10-03,10.6248
2009-10-04,10.2322
2009-10-05,8.88293
2009-10-06,8.12227
2009-10-07,7.99079
2009-10-08,7.78474
2009-10-09,8.59702
2009-10-10,7.68724
2009-10-11,8.50763
2009-10-12,9.66389
2009-10-13,9.201
2009-10-14,8.51994
2009-10-15,8.84528
2009-10-16,6.71596
2009-10-17,8.01859
2009-10-18,8.1236
2009-10-19,5.85767
2009-10-20,7.12109
2009-10-21,7.10942
2009-10-22,7.15945
2009-10-23,7.42497
2009-10-24,7.42409
2009-10-25,7.30694
2009-10-26,5.80871
2009-10-27,5.40787
2009-10-28,5.09467
2009-10-29,5.89595
2009-10-30,5.06853
2009-10-31,8.6512
2009-11-01,10.7504
2009-11-02,12.3378
2009-11-03,12.0845
2009-11-04,10.3527
2009-11-05,5.84807
2009-11-06,9.14748
2009-11-07,8.70935
2009-11-08,8.20484
2009-11-09,9.15122
2009-11-10,8.69113
2009-11-11,9.53678
2009-11-12,8.72224
2009-11-13,9.74963
2009-11-14,9.74194
2009-11-15,12.407
2009-11-16,13.0114
2009-11-17,13.9579
2009-11-18,14.272
2009-11-19,13.6663
2009-11-20,13.155
2009-11-21,13.7006
2009-11-22,13.1665
2009-11-23,12.8604
2009-11-24,11.5784
2009-11-25,11.2249
2009-11-26,11.3444
2009-11-27,9.2983
2009-11-28,10.0861
2009-11-29,10.7251
2009-11-30,11.8223
2009-12-01,11.7083
2009-12-02,11.3948
2009-12-03,8.78559
2009-12-04,10.3172
2009-12-05,8.96977
2009-12-06,7.98708
2009-12-07,8.47395
2009-12-08,5.19664
2009-12-09,5.99048
2009-12-10,6.23148
2009-12-11,6.94955
2009-12-12,7.60926
2009-12-13,8.49198
2009-12-14,8.01679
2009-12-15,6.96494
2009-12-16,8.39975
2009-12-17,6.82562
2009-12-18,9.67872
2009-12-19,8.57436
2009-12-20,10.4857
2009-12-21,9.64846
2009-12-22,11.1457
2009-12-23,12.339
2009-12-24,13.4664
2009-12-25,13.057
2009-12-26,12.8936
2009-12-27,13.1189
2009-12-28,13.1169
2009-12-29,12.447
2009-12-30,9.28368
2009-12-31,11.3777
2010-01-01,7.36005
2010-01-02,12.2824
2010-01-03,10.8261
2010-01-04,13.3934
2010-01-05,12.8366
2010-01-06,11.8545
2010-01-07,9.40008
2010-01-08,10.3563
2010-01-09,9.64868
2010-01-10,12.7373
2010-01-11,13.4411
2010-01-12,11.0391
2010-01-13,13.6968
2010-01-14,11.2298
2010-01-15,11.9816
2010-01-16,10.2517
2010-01-17,10.1696
2010-01-18,9.77186
2010-01-19,9.23861
2010-01-20,9.50161
2010-01-21,9.83671
2010-01-22,10.1689
2010-01-23,9.0573
2010-01-24,7.97329
2010-01-25,9.55566
2010-01-26,11.5861
2010-01-27,9.73014
2010-01-28,8.63275
2010-01-29,12.9307
2010-01-30,7.28544
2010-01-31,8.92152
2010-02-01,10.5951
2010-02-02,9.5857
2010-02-03,9.59629
2010-02-04,13.6247
2010-02-05,11.5337
2010-02-06,9.17591
2010-02-07,10.1464
2010-02-08,9.05417
2010-02-09,8.27521
2010-02-10,5.90076
2010-02-11,10.6811
2010-02-12,4.73026
2010-02-13,10.3152
2010-02-14,8.30378
2010-02-15,9.93412
2010-02-16,10.5819
2010-02-17,9.04414
2010-02-18,11.2034
2010-02-19,13.6913
2010-02-20,14.2164
2010-02-21,7.36634
2010-02-22,9.32149
2010-02-23,8.73819
2010-02-24,8.87301
2010-02-25,10.2653
2010-02-26,11.3146
2010-02-27,12.2741
2010-02-28,15.1283
2010-03-01,15.1161
2010-03-02,15.5728
2010-03-03,12.2431
2010-03-04,7.60066
2010-03-05,7.22558
2010-03-06,11.4212
2010-03-07,12.0757
2010-03-08,13.1805
2010-03-09,12.922
2010-03-10,13.5848
2010-03-11,14.2182
2010-03-12,15.0606
2010-03-13,12.7415
2010-03-14,12.8659
2010-03-15,11.693
2010-03-16,8.34278
2010-03-17,11.5015
2010-03-18,10.4533
2010-03-19,8.32066
2010-03-20,7.03258
2010-03-21,7.51269
2010-03-22,10.6563
2010-03-23,8.757
2010-03-24,11.67
2010-03-25,8.11827
2010-03-26,9.28276
2010-03-27,7.8154
2010-03-28,8.89128
2010-03-29,12.9122
2010-03-30,12.2665
2010-03-31,9.39622
2010-04-01,8.27179
2010-04-02,11.4119
2010-04-03,12.5246
2010-04-04,15.2373
2010-04-05,13.2612
2010-04-06,12.3208
2010-04-07,9.34733
2010-04-08,10.3139
2010-04-09,12.1266
2010-04-10,11.437
2010-04-11,9.58989
2010-04-12,8.43613
2010-04-13,10.6456
2010-04-14,7.85445
2010-04-15,5.39676
2010-04-16,7.64258
2010-04-17,10.5159
2010-04-18,10.3879
2010-04-19,9.43688
2010-04-20,7.6715
2010-04-21,6.90826
2010-04-22,8.71601
2010-04-23,8.75749
2010-04-24,10.1596
2010-04-25,9.0758
2010-04-26,8.9314
2010-04-27,12.164
2010-04-28,7.4112
2010-04-29,10.5
2010-04-30,9.48524
2010-05-01,9.92715
2010-05-02,9.27829
2010-05-03,9.89332
2010-05-04,3.84992
2010-05-05,9.08428
2010-05-06,8.19072
2010-05-07,7.29407
2010-05-08,9.16671
2010-05-09,7.72774
2010-05-10,10.611
2010-05-11,7.17675
2010-05-12,10.1139
2010-05-13,9.10556
2010-05-14,10.6364
2010-05-15,9.06702
2010-05-16,7.62436
2010-05-17,9.13973
2010-05-18,8.7032
2010-05-19,9.15919
2010-05-20,8.2363
2010-05-21,9.10761
2010-05-22,10.9594
2010-05-23,9.25664
2010-05-24,11.6906
2010-05-25,11.3035
2010-05-26,12.1989
2010-05-27,11.3533
2010-05-28,11.239
2010-05-29,7.92429
2010-05-30,8.95735
2010-05-31,9.42423
2010-06-01,11.278
2010-06-02,10.8069
2010-06-03,8.37087
2010-06-04,9.06221
2010-06-05,7.86026
2010-06-06,6.70204
2010-06-07,8.53352
2010-06-08,8.07791
2010-06-09,7.62229
2010-06-10,7.50156
2010-06-11,7.32653
2010-06-12,6.9109
2010-06-13,7.16149
2010-06-14,8.82874
2010-06-15,10.1431
2010-06-16,11.1411
2010-06-17,8.80018
2010-06-18,7.91475
2010-06-19,4.44242
2010-06-20,7.23788
2010-06-21,6.91462
2010-06-22,4.96606
2010-06-23,8.70071
2010-06-24,8.80199
2010-06-25,6.81415
2010-06-26,9.7819
2010-06-27,9.40223
2010-06-28,9.18617
2010-06-29,8.78771
2010-06-30,5.63472
2010-07-01,5.92787
2010-07-02,6.25659
2010-07-03,7.44109
2010-07-04,6.45139
2010-07-05,5.8975
2010-07-06,5.45345
2010-07-07,7.59744
2010-07-08,8.29306
2010-07-09,6.67911
2010-07-10,7.48448
2010-07-11,8.45995
2010-07-12,6.86119
2010-07-13,6.2774
2010-07-14,8.55263
2010-07-15,8.2696
2010-07-16,7.30575
2010-07-17,8.3435
2010-07-18,6.83586
2010-07-19,8.20989
2010-07-20,9.4363
2010-07-21,9.21544
2010-07-22,9.11265
2010-07-23,9.49883
2010-07-24,10.0795
2010-07-25,9.50123
2010-07-26,8.77452
2010-07-27,9.66674
2010-07-28,9.42294
2010-07-29,9.18064
2010-07-30,6.92153
2010-07-31,7.46311
2010-08-01,8.91718
2010-08-02,9.54256
2010-08-03,10.5321
2010-08-04,7.4447
2010-08-05,10.8015
2010-08-06,9.97213
2010-08-07,9.33606
2010-08-08,7.64443
2010-08-09,8.17211
2010-08-10,7.67106
2010-08-11,7.28426
2010-08-12,7.54958
2010-08-13,8.54947
2010-08-14,10.5595
2010-08-15,9.72883
2010-08-16,7.86268
2010-08-17,4.56576
2010-08-18,4.09193
2010-08-19,6.13692
2010-08-20,7.44272
2010-08-21,8.11066
2010-08-22,7.92527
2010-08-23,8.87439
2010-08-24,8.57717
2010-08-25,8.92899
2010-08-26,9.39993
2010-08-27,8.38489
2010-08-28,8.74278
2010-08-29,9.81391
2010-08-30,10.0801
2010-08-31,10.0896
2010-09-01,10.0241
2010-09-02,10.2487
2010-09-03,10.4184
2010-09-04,9.14965
2010-09-05,9.5088
2010-09-06,9.32933
2010-09-07,8.85387
2010-09-08,9.48988
2010-09-09,7.29682
2010-09-10,7.26707
2010-09-11,7.22822
2010-09-12,7.72646
2010-09-13,7.84894
2010-09-14,9.43887
2010-09-15,9.87132
2010-09-16,10.2866
2010-09-17,8.87639
2010-09-18,8.64496
2010-09-19,9.07553
2010-09-20,8.6005
2010-09-21,9.08555
2010-09-22,9.87474
2010-09-23,8.65618
2010-09-24,7.94811
2010-09-25,7.72166
2010-09-26,7.2865
2010-09-27,7.09018
2010-09-28,7.1174
2010-09-29,7.75807
2010-09-30,8.00988
2010-10-01,8.58183
2010-10-02,8.2543
2010-10-03,8.54358
2010-10-04,8.42583
2010-10-05,8.35096
2010-10-06,9.58893
2010-10-07,10.5146
2010-10-08,11.1718
2010-10-09,10.4489
2010-10-10,9.2644
2010-10-11,9.41235
2010-10-12,9.72158
2010-10-13,9.42013
2010-10-14,8.48177
2010-10-15,9.71307
2010-10-16,8.99307
2010-10-17,9.22372
2010-10-18,8.24191
2010-10-19,7.41203
2010-10-20,8.27693
2010-10-21,6.26245
2010-10-22,9.9661
2010-10-23,7.47146
2010-10-24,9.97678
2010-10-25,2.84589
2010-10-26,9.24177
2010-10-27,10.3372
2010-10-28,10.9751
2010-10-29,10.2445
2010-10-30,9.58249
2010-10-31,10.0443
2010-11-01,9.42151
2010-11-02,10.5125
2010-11-03,10.1968
2010-11-04,10.07
2010-11-05,9.80033
2010-11-06,10.7614
2010-11-07,10.825
2010-11-08,10.2401
2010-11-09,9.98215
2010-11-10,7.07678
2010-11-11,8.45061
2010-11-12,7.25828
2010-11-13,7.78235
2010-11-14,8.20514
2010-11-15,8.35629
2010-11-16,8.95562
2010-11-17,7.76221
2010-11-18,7.93335
2010-11-19,9.36857
2010-11-20,8.51109
2010-11-21,5.03923
2010-11-22,6.92439
2010-11-23,5.57006
2010-11-24,7.07654
2010-11-25,7.19954
2010-11-26,8.24767
2010-11-27,7.12052
2010-11-28,6.56161
2010-11-29,8.62201
2010-11-30,7.90611
2010-12-01,8.61849
2010-12-02,9.31494
2010-12-03,9.63225
2010-12-04,8.84835
2010-12-05,10.4105
2010-12-06,9.21066
2010-12-07,7.87763
2010-12-08,4.59355
2010-12-09,7.52705
2010-12-10,7.70522
2010-12-11,7.83489
2010-12-12,9.28237
2010-12-13,8.01217
2010-12-14,9.17712
2010-12-15,7.76174
2010-12-16,5.06253
2010-12-17,7.75364
2010-12-18,9.72461
2010-12-19,11.0261
2010-12-20,7.51963
2010-12-21,7.71586
2010-12-22,8.99699
2010-12-23,6.06165
2010-12-24,6.41408
2010-12-25,6.76462
2010-12-26,8.59667
2010-12-27,8.11287
2010-12-28,10.1335
2010-12-29,7.73369
2010-12-30,7.14965
2010-12-31,4.62067
2011-01-01,6.189
2011-01-02,11.8374
2011-01-03,9.28458
2011-01-04,10.0007
2011-01-05,9.56028
2011-01-06,7.83221
2011-01-07,7.20467
2011-01-08,8.899
2011-01-09,7.41098
2011-01-10,8.76105
2011-01-11,8.61928
2011-01-12,8.59774
2011-01-13,8.73531
2011-01-14,9.60242
2011-01-15,7.13643
2011-01-16,10.2809
2011-01-17,12.0625
2011-01-18,9.86816
2011-01-19,5.19245
2011-01-20,8.73613
2011-01-21,4.39031
2011-01-22,7.59963
2011-01-23,7.98188
2011-01-24,9.29801
2011-01-25,6.34233
2011-01-26,11.7807
2011-01-27,4.02658
2011-01-28,4.51907
2011-01-29,7.8266
2011-01-30,9.40241
2011-01-31,9.16604
2011-02-01,6.2521
2011-02-02,10.2458
2011-02-03,8.71149
2011-02-04,8.15492
2011-02-05,8.97817
2011-02-06,8.44042
2011-02-07,9.21305
2011-02-08,10.1297
2011-02-09,5.91774
2011-02-10,7.78369
2011-02-11,9.97448
2011-02-12,9.64719
2011-02-13,9.89296
2011-02-14,6.13744
2011-02-15,11.2935
2011-02-16,11.5083
2011-02-17,11.8748
2011-02-18,11.8109
2011-02-19,11.604
2011-02-20,12.0634
2011-02-21,5.96516
2011-02-22,10.7398
2011-02-23,9.61166
2011-02-24,8.31555
2011-02-25,8.55653
2011-02-26,6.14121
2011-02-27,6.45321
2011-02-28,8.77079
2011-03-01,10.5949
2011-03-02,11.4903
2011-03-03,9.65891
2011-03-04,7.27221
2011-03-05,9.86996
2011-03-06,7.27146
2011-03-07,8.29621
2011-03-08,9.2916
2011-03-09,8.59516
2011-03-10,6.53114
2011-03-11,5.79865
2011-03-12,8.83329
2011-03-13,8.88306
2011-03-14,8.63274
2011-03-15,3.09615
2011-03-16,7.98524
2011-03-17,11.2005
2011-03-18,8.78062
2011-03-19,7.91305
2011-03-20,4.59562
2011-03-21,9.24814
2011-03-22,8.16951
2011-03-23,3.1253
2011-03-24,9.34807
2011-03-25,6.64244
2011-03-26,5.98111
2011-03-27,8.78539
2011-03-28,8.6425
2011-03-29,7.30806
2011-03-30,6.5867
2011-03-31,10.5079
2011-04-01,9.08483
2011-04-02,7.13058
2011-04-03,8.49305
2011-04-04,9.03725
2011-04-05,9.24202
2011-04-06,9.98887
2011-04-07,5.72074
2011-04-08,7.62296
2011-04-09,9.53057
2011-04-10,12.9361
2011-04-11,11.8377
2011-04-12,13.8059
2011-04-13,9.02817
2011-04-14,9.32849
2011-04-15,12.0595
2011-04-16,13.4791
2011-04-17,12.1144
2011-04-18,10.9805
2011-04-19,7.01082
2011-04-20,8.1966
2011-04-21,9.1488
2011-04-22,7.90454
2011-04-23,7.74826
2011-04-24,8.12588
2011-04-25,6.6252
2011-04-26,7.44762
2011-04-27,7.17162
2011-04-28,6.00479
2011-04-29,8.13577
2011-04-30,8.27307
2011-05-01,9.68795
2011-05-02,9.83356
2011-05-03,7.77644
2011-05-04,8.13782
2011-05-05,8.57674
2011-05-06,5.74198
2011-05-07,8.263
2011-05-08,9.94866
2011-05-09,10.9959
2011-05-10,9.90068
2011-05-11,11.8496
2011-05-12,9.25659
2011-05-13,8.70911
2011-05-14,11.1821
2011-05-15,8.8596
2011-05-16,9.7024
2011-05-17,8.57546
2011-05-18,8.14143
2011-05-19,8.96745
2011-05-20,10.8901
2011-05-21,7.3457
2011-05-22,10.3988
2011-05-23,11.254
2011-05-24,10.2829
2011-05-25,8.91481
2011-05-26,5.62836
2011-05-27,7.05686
2011-05-28,9.61498
2011-05-29,6.14398
2011-05-30,7.47366
2011-05-31,5.87951
2011-06-01,8.99796
2011-06-02,7.78033
2011-06-03,8.69147
2011-06-04,6.61297
2011-06-05,5.90518
2011-06-06,7.14261
2011-06-07,6.38917
2011-06-08,7.35157
2011-06-09,9.59891
2011-06-10,8.89022
2011-06-11,8.89128
2011-06-12,7.55213
2011-06-13,7.71951
2011-06-14,7.18139
2011-06-15,6.08512
2011-06-16,9.07485
2011-06-17,8.33813
2011-06-18,7.18328
2011-06-19,8.02966
2011-06-20,7.58601
2011-06-21,5.29645
2011-06-22,8.42605
2011-06-23,9.52324
2011-06-24,10.3548
2011-06-25,10.971
2011-06-26,11.0654
2011-06-27,11.344
2011-06-28,8.75158
2011-06-29,9.92151
2011-06-30,10.4283
2011-07-01,8.81354
2011-07-02,6.69851
2011-07-03,10.1836
2011-07-04,10.4647
2011-07-05,9.54801
2011-07-06,9.01096
2011-07-07,8.83456
2011-07-08,10.7815
2011-07-09,9.67005
2011-07-10,11.6719
2011-07-11,11.5114
2011-07-12,10.7137
2011-07-13,9.43228
2011-07-14,8.99486
2011-07-15,7.54987
2011-07-16,9.14597
2011-07-17,9.32601
2011-07-18,9.18178
2011-07-19,8.69642
2011-07-20,7.66019
2011-07-21,7.39459
2011-07-22,6.26951
2011-07-23,8.78635
2011-07-24,8.99471
2011-07-25,10.6255
2011-07-26,10.3986
2011-07-27,7.63374
2011-07-28,6.51113
2011-07-29,6.74192
2011-07-30,7.32486
2011-07-31,7.77949
2011-08-01,5.96504
2011-08-02,7.52247
2011-08-03,6.40773
2011-08-04,7.24289
2011-08-05,7.01665
2011-08-06,7.42414
2011-08-07,6.69338
2011-08-08,7.29713
2011-08-09,6.89512
2011-08-10,7.46591
2011-08-11,7.4011
2011-08-12,6.2013
2011-08-13,6.70151
2011-08-14,7.41401
2011-08-15,7.29114
2011-08-16,8.45761
2011-08-17,8.09458
2011-08-18,7.13403
2011-08-19,8.17571
2011-08-20,7.15472
2011-08-21,7.62196
2011-08-22,7.54112
2011-08-23,7.54924
2011-08-24,7.04881
2011-08-25,7.66595
2011-08-26,10.2026
2011-08-27,10.563
2011-08-28,8.55829
2011-08-29,9.05001
2011-08-30,10.0901
2011-08-31,10.0301
2011-09-01,11.1869
2011-09-02,10.4691
2011-09-03,10.8638
2011-09-04,10.9462
2011-09-05,10.9103
2011-09-06,10.4107
2011-09-07,9.83766
2011-09-08,11.6376
2011-09-09,11.4281
2011-09-10,10.5854
2011-09-11,13.1599
2011-09-12,14.1981
2011-09-13,14.647
2011-09-14,14.1244
2011-09-15,14.5677
2011-09-16,15.3496
2011-09-17,13.8308
2011-09-18,11.7403
2011-09-19,13.2858
2011-09-20,13.7302
2011-09-21,13.2043
2011-09-22,15.1883
2011-09-23,15.3171
2011-09-24,13.7374
2011-09-25,13.9618
2011-09-26,14.2743
2011-09-27,14.7281
2011-09-28,14.4829
2011-09-29,11.3661
2011-09-30,11.372
2011-10-01,11.6596
2011-10-02,12.9981
2011-10-03,10.1684
2011-10-04,12.6316
2011-10-05,13.1143
2011-10-06,13.6156
2011-10-07,12.9744
2011-10-08,14.5525
2011-10-09,14.8543
2011-10-10,13.0876
2011-10-11,11.3697
2011-10-12,11.0703
2011-10-13,9.62436
2011-10-14,8.6548
2011-10-15,10.098
2011-10-16,10.1345
2011-10-17,9.11006
2011-10-18,10.7335
2011-10-19,9.66477
2011-10-20,10.1306
2011-10-21,5.06383
2011-10-22,4.07792
2011-10-23,7.42272
2011-10-24,6.96766
2011-10-25,8.51581
2011-10-26,7.88414
2011-10-27,8.83972
2011-10-28,8.98296
2011-10-29,8.1345
2011-10-30,5.77736
2011-10-31,5.06383
2011-11-01,8.03539
2011-11-02,8.45636
2011-11-03,7.60965
2011-11-04,5.76839
2011-11-05,10.3568
2011-11-06,11.3883
2011-11-07,12.3206
2011-11-08,13.6396
2011-11-09,13.273
2011-11-10,13.0405
2011-11-11,13.0807
2011-11-12,13.2635
2011-11-13,11.7179
2011-11-14,8.04969
2011-11-15,11.9345
2011-11-16,13.68
2011-11-17,13.9117
2011-11-18,12.8022
2011-11-19,12.5092
2011-11-20,13.5305
2011-11-21,14.6661
2011-11-22,12.7957
2011-11-23,13.7657
2011-11-24,14.9237
2011-11-25,14.5872
2011-11-26,14.169
2011-11-27,15.0503
2011-11-28,14.736
2011-11-29,14.9041
2011-11-30,12.5025
2011-12-01,14.3234
2011-12-02,15.1183
2011-12-03,13.2014
2011-12-04,12.7816
2011-12-05,14.226
2011-12-06,14.3873
2011-12-07,13.3847
2011-12-08,12.0271
2011-12-09,14.2282
2011-12-10,14.6453
2011-12-11,14.1892
2011-12-12,13.3811
2011-12-13,13.848
2011-12-14,13.8506
2011-12-15,14.1737
2011-12-16,12.5119
2011-12-17,13.9067
2011-12-18,13.9831
2011-12-19,13.5827
2011-12-20,12.704
2011-12-21,13.4744
2011-12-22,13.5415
2011-12-23,13.7536
2011-12-24,11.7311
2011-12-25,12.0968
2011-12-26,13.4167
2011-12-27,12.8863
2011-12-28,12.9773
2011-12-29,12.125
2011-12-30,14.0363
2011-12-31,10.2582
